title,studio,domestic_gross,foreign_gross,year
toy story 3,BV,415000000.0,652000000.0,2010
alice in wonderland 2010,BV,334200000.0,691300000.0,2010
harry potter and the deathly hallows part 1,WB,296000000.0,664300000.0,2010
inception,WB,292600000.0,535700000.0,2010
shrek forever after,P/DW,238700000.0,513900000.0,2010
the twilight saga eclipse,Sum.,300500000.0,398000000.0,2010
iron man 2,Par.,312400000.0,311500000.0,2010
tangled,BV,200800000.0,391000000.0,2010
despicable me,Uni.,251500000.0,291600000.0,2010
how to train your dragon,P/DW,217600000.0,277300000.0,2010
clash of the titans 2010,WB,163200000.0,330000000.0,2010
the chronicles of narnia the voyage of the dawn treader,Fox,104400000.0,311300000.0,2010
the kings speech,Wein.,135500000.0,275400000.0,2010
tron legacy,BV,172100000.0,228000000.0,2010
the karate kid,Sony,176600000.0,182500000.0,2010
prince of persia the sands of time,BV,90800000.0,245600000.0,2010
black swan,FoxS,107000000.0,222400000.0,2010
megamind,P/DW,148400000.0,173500000.0,2010
robin hood,Uni.,105300000.0,216400000.0,2010
the last airbender,Par.,131800000.0,187900000.0,2010
little fockers,Uni.,148400000.0,162200000.0,2010
resident evil afterlife,SGem,60100000.0,240100000.0,2010
shutter island,Par.,128000000.0,166800000.0,2010
salt,Sony,118300000.0,175200000.0,2010
sex and the city 2,WB (NL),95300000.0,193000000.0,2010
the tourist,Sony,67600000.0,210700000.0,2010
the expendables,LGF,103100000.0,171400000.0,2010
grown ups,Sony,162000000.0,109400000.0,2010
knight day,Fox,76400000.0,185500000.0,2010
true grit,Par.,171200000.0,81000000.0,2010
gullivers travels,Fox,42800000.0,194600000.0,2010
percy jackson the olympians the lightning thief,Fox,88800000.0,137700000.0,2010
the social network,Sony,97000000.0,128000000.0,2010
valentines day,WB (NL),110500000.0,106000000.0,2010
the sorcerers apprentice,BV,63200000.0,152100000.0,2010
due date,WB,100500000.0,111200000.0,2010
eat pray love,Sony,80600000.0,124000000.0,2010
yogi bear,WB,100200000.0,101300000.0,2010
red,Sum.,90400000.0,108600000.0,2010
paranormal activity 2,Par.,84800000.0,92800000.0,2010
the ateam,Fox,77200000.0,100000000.0,2010
jackass 3d,Par.,117200000.0,54500000.0,2010
the other guys,Sony,119200000.0,51200000.0,2010
unstoppable,Fox,81600000.0,86200000.0,2010
step up 3d,BV,42400000.0,116900000.0,2010
the book of eli,WB,94800000.0,62300000.0,2010
the town,WB,92200000.0,61800000.0,2010
date night,Fox,98700000.0,53600000.0,2010
legend of the guardians the owls of gahoole,WB,55700000.0,84400000.0,2010
the wolfman,Uni.,62000000.0,77800000.0,2010
the bounty hunter,Sony,67099999.0,69300000.0,2010
saw 3d,LGF,45700000.0,90400000.0,2010
wall street money never sleeps,Fox,52500000.0,82300000.0,2010
the fighter,Par.,93600000.0,35600000.0,2010
predators,Fox,52000000.0,75200000.0,2010
a nightmare on elm street 2010,WB (NL),63100000.0,52600000.0,2010
dear john,SGem,80000000.0,35000000.0,2010
cats dogs the revenge of kitty galore,WB,43600000.0,68900000.0,2010
tooth fairy,Fox,60000000.0,52400000.0,2010
life as we know it,WB,53400000.0,52300000.0,2010
hereafter,WB,32700000.0,72500000.0,2010
the girl with the dragon tattoo,MBox,10100000.0,94300000.0,2010
love and other drugs,Fox,32400000.0,70500000.0,2010
aftershock tangshan dadizhen,CL,63000.0,100200000.0,2010
killers,LGF,47100000.0,51100000.0,2010
kickass,LGF,48100000.0,48100000.0,2010
green zone,Uni.,35100000.0,59800000.0,2010
nanny mcphee returns,Uni.,29000000.0,64200000.0,2010
get him to the greek,Uni.,61000000.0,30300000.0,2010
burlesque,SGem,39400000.0,50100000.0,2010
the last song,BV,63000000.0,26100000.0,2010
dinner for schmucks,P/DW,73000000.0,13800000.0,2010
marmaduke,Fox,33600000.0,50100000.0,2010
piranha 3d,W/Dim.,25000000.0,58200000.0,2010
oceans,BV,19400000.0,63200000.0,2010
edge of darkness,WB,43300000.0,37800000.0,2010
vampires suck,Fox,36700000.0,43900000.0,2010
letters to juliet,Sum.,53000000.0,26100000.0,2010
the backup plan,CBS,37500000.0,40000000.0,2010
if you are the one 2 fei cheng wu rao ii,CL,427000.0,75600000.0,2010
diary of a wimpy kid,Fox,64000000.0,11700000.0,2010
easy a,SGem,58400000.0,16600000.0,2010
hubble 3d,WB,52400000.0,21500000.0,2010
takers,SGem,57700000.0,11300000.0,2010
tales from earthsea,BV,48500.0,68600000.0,2010
legion 2010,SGem,40200000.0,27800000.0,2010
the american,Focus,35600000.0,32299999.0,2010
the last exorcism,LGF,41000000.0,26700000.0,2010
the next three days,LGF,21100000.0,46300000.0,2010
the girl who played with fire,MBox,7600000.0,59500000.0,2010
skyline,Uni.,21400000.0,45400000.0,2010
hot tub time machine,MGM,50300000.0,14300000.0,2010
devil,Uni.,33600000.0,29100000.0,2010
127 hours,FoxS,18300000.0,42400000.0,2010
tyler perrys why did i get married too,LGF,60100000.0,578000.0,2010
secretariat,BV,59700000.0,537000.0,2010
the ghost writer,Sum.,15500000.0,44700000.0,2010
morning glory,Par.,31000000.0,29000000.0,2010
remember me,Sum.,19100000.0,37000000.0,2010
cop out,WB,44900000.0,10700000.0,2010
the crazies,Over.,39100000.0,15700000.0,2010
from paris with love,LGF,24100000.0,28700000.0,2010
daybreakers,LGF,30100000.0,21300000.0,2010
alpha and omega,LGF,25100000.0,25400000.0,2010
the switch,Mira.,27800000.0,22100000.0,2010
shes out of my league,Par.,32000000.0,17800000.0,2010
death at a funeral 2010,SGem,42700000.0,6300000.0,2010
how do you know,Sony,30200000.0,18500000.0,2010
charlie st cloud,Uni.,31200000.0,17000000.0,2010
scott pilgrim vs the world,Uni.,31500000.0,16100000.0,2010
heartbreaker,IFC,504000.0,46900000.0,2010
the spy next door,LGF,24300000.0,20900000.0,2010
the good the bad the weird,IFC,128000.0,44100000.0,2010
machete,Fox,26600000.0,17500000.0,2010
the girl who kicked the hornets nest,MBox,5200000.0,38300000.0,2010
the man from nowhere,CJ,528000.0,42500000.0,2010
when in rome,BV,32700000.0,10400000.0,2010
my name is khan,FoxS,4000000.0,38300000.0,2010
going the distance,WB (NL),17800000.0,24200000.0,2010
the concert,Wein.,658000.0,40500000.0,2010
agora,NM,619000.0,38400000.0,2010
for colored girls,LGF,37700000.0,17300.0,2010
brooklyns finest,Over.,27200000.0,9300000.0,2010
furry vengeance,Sum.,17600000.0,18600000.0,2010
faster,CBS,23200000.0,12400000.0,2010
the kids are all right,Focus,20800000.0,13900000.0,2010
you will meet a tall dark stranger,SPC,3200000.0,31000000.0,2010
the secret in their eyes,SPC,6400000.0,27600000.0,2010
avatar special edition,Fox,10700000.0,22500000.0,2010
leap year,Uni.,25900000.0,6700000.0,2010
you again,BV,25700000.0,6300000.0,2010
mesrine killer instinct,MBox,552000.0,30500000.0,2010
the losers,WB,23600000.0,5800000.0,2010
case 39,ParV,13300000.0,14900000.0,2010
ramona and beezus,Fox,26200000.0,1100000.0,2010
splice,WB,17000000.0,9800000.0,2010
fair game 2010,Sum.,9500000.0,14600000.0,2010
let me in,Over.,12100000.0,12000000.0,2010
maos last dancer,Gold.,4800000.0,17500000.0,2010
just wright,FoxS,21500000.0,29900.0,2010
our family wedding,FoxS,20300000.0,1200000.0,2010
my soul to take,Uni.,14700000.0,6200000.0,2010
71 into the fire,JS,177000.0,20800000.0,2010
i love you phillip morris,RAtt.,2000000.0,18700000.0,2010
country strong,SGem,20200000.0,310000.0,2010
another year,SPC,3200000.0,16500000.0,2010
youth in revolt,W/Dim.,15300000.0,4400000.0,2010
buried,LGF,1000000.0,18100000.0,2010
rec 2,Magn.,27800.0,18500000.0,2010
repo men,Uni.,13800000.0,4600000.0,2010
a prophet un proph√®te,SPC,2100000.0,15800000.0,2010
soul kitchen,IFC,277000.0,17600000.0,2010
mother 2010,Magn.,552000.0,16600000.0,2010
micmacs,SPC,1300000.0,15100000.0,2010
the nutcracker in 3d,Free,195000.0,16000000.0,2010
sea rex 3d journey to a prehistoric world,3D,6100000.0,9900000.0,2010
i hate luv storys,UTV,848000.0,14900000.0,2010
extraordinary measures,CBS,12100000.0,3100000.0,2010
somewhere,Focus,1800000.0,12200000.0,2010
winters bone,RAtt.,6500000.0,7300000.0,2010
the last station,SPC,6600000.0,6900000.0,2010
raajneeti,UTV,1500000.0,11100000.0,2010
made in dagenham,SPC,1100000.0,11300000.0,2010
blue valentine,Wein.,9700000.0,2600000.0,2010
tamara drewe,SPC,560000.0,11400000.0,2010
chloe,SPC,3100000.0,8600000.0,2010
looking for eric,IFC,55800.0,11500000.0,2010
the warriors way,Rela.,5700000.0,5400000.0,2010
i am love,Magn.,5000000.0,5900000.0,2010
jonah hex,WB,10500000.0,356000.0,2010
harry brown,Gold.,1800000.0,8500000.0,2010
cyrus,FoxS,7500000.0,2500000.0,2010
conviction,FoxS,6800000.0,2900000.0,2010
get low,SPC,9200000.0,518000.0,2010
babies,Focus,7300000.0,2200000.0,2010
stone,Over.,1800000.0,7700000.0,2010
peepli live,UTV,758000.0,8700000.0,2010
never let me go,FoxS,2400000.0,7000000.0,2010
midaugust lunch,Zeit.,675000.0,8700000.0,2010
macgruber,Uni.,8500000.0,797000.0,2010
city island,Anch.,6700000.0,1200000.0,2010
inside job,SPC,4300000.0,3600000.0,2010
the joneses,RAtt.,1500000.0,5500000.0,2010
centurion,Magn.,124000.0,6700000.0,2010
animal kingdom,SPC,1000000.0,5700000.0,2010
nowhere boy,Wein.,1500000.0,5100000.0,2010
its kind of a funny story,Focus,6400000.0,128000.0,2010
waiting for superman,ParV,6400000.0,9300.0,2010
greenberg,Focus,4200000.0,1900000.0,2010
coco chanel igor stravinsky,SPC,1600000.0,4099999.0,2010
vincere,IFC,619000.0,5100000.0,2010
the illusionist 2010,SPC,2200000.0,3400000.0,2010
exit through the gift shop,PDA,3300000.0,2000000.0,2010
mademoiselle chambon,Lorb.,532000.0,4700000.0,2010
solitary man,Anch.,4400000.0,818000.0,2010
rabbit hole,LGF,2200000.0,2900000.0,2010
vision,Zeit.,435000.0,4600000.0,2010
mother and child,SPC,1100000.0,3900000.0,2010
the runaways,App.,3600000.0,1100000.0,2010
four lions,Drft.,305000.0,4400000.0,2010
wild grass,SPC,404000.0,4200000.0,2010
please give,SPC,4000000.0,280000.0,2010
monsters,Magn.,237000.0,4000000.0,2010
rare exports a christmas tale,Osci.,236000.0,3800000.0,2010
the killer inside me,IFC,217000.0,3800000.0,2010
the perfect game,IW,1000000.0,2800000.0,2010
to save a life,Gold.,3800000.0,45800.0,2010
inspector bellamy,IFC,108000.0,3600000.0,2010
catfish,Rog.,3200000.0,242000.0,2010
wild target,Free,109000.0,3300000.0,2010
frozen 2010,Anch.,246000.0,2900000.0,2010
dabangg,Eros,1300000.0,1700000.0,2010
kites,Relbig.,1600000.0,1300000.0,2010
letters to god,Viv.,2800000.0,60300.0,2010
twelve,Hann.,184000.0,2400000.0,2010
tees maar khan,UTV,1100000.0,1400000.0,2010
fish tank,IFC,375000.0,2000000.0,2010
housefull,Eros,1200000.0,1200000.0,2010
golmaal 3,Eros,1100000.0,935000.0,2010
afterlife,Anch.,109000.0,1900000.0,2010
cairo time,IFC,1600000.0,391000.0,2010
guzaarish,UTV,1000000.0,695000.0,2010
ondine,Magn.,550000.0,1100000.0,2010
anjaana anjaani,Eros,855000.0,761000.0,2010
john rabe,Strand,67500.0,1400000.0,2010
restrepo,NGE,1300000.0,105000.0,2010
raavan,Relbig.,709000.0,648000.0,2010
the city of your final destination,Scre.,493000.0,859000.0,2010
ajami,Kino,622000.0,669000.0,2010
army of crime,Lorb.,37000.0,1200000.0,2010
lebanon,SPC,368000.0,830000.0,2010
howl,Osci.,617000.0,566000.0,2010
videocracy,Kino,23700.0,1200000.0,2010
when youre strange,Abr.,246000.0,901000.0,2010
the salvation poem poema de salvacion,CZ,915000.0,183000.0,2010
casino jack,ATO,1000000.0,40700.0,2010
leaving,IFC,176000.0,893000.0,2010
khatta meetha,Eros,542000.0,499000.0,2010
we are family,UTV,638000.0,393000.0,2010
leaves of grass,First,70100.0,949000.0,2010
north face,MBox,711000.0,216000.0,2010
creation,NM,341000.0,555000.0,2010
no one knows about persian cats,IFC,81800.0,798000.0,2010
carlos,IFC,146000.0,726000.0,2010
hideaway le refuge,Strand,34500.0,837000.0,2010
the disappearance of alice creed,Anch.,167000.0,701000.0,2010
break ke baad,Relbig.,428000.0,389000.0,2010
veer 2010,Eros,527000.0,277000.0,2010
life during wartime,IFC,281000.0,487000.0,2010
enter the void,IFC,336000.0,418000.0,2010
the secret of kells,GK,677000.0,62700.0,2010
no problem,Eros,285000.0,369000.0,2010
all good things,Magn.,582000.0,62500.0,2010
jack goes boating,Over.,542000.0,77600.0,2010
holy rollers,FInd.,303000.0,305000.0,2010
chain letter,NFC,139000.0,447000.0,2010
i spit on your grave,Anch.,93100.0,480000.0,2010
im still here,Magn.,409000.0,160000.0,2010
salt of this sea,Lorb.,11700.0,545000.0,2010
undertow 2010,TFC,109000.0,393000.0,2010
father of my children,IFC,144000.0,335000.0,2010
the greatest 2010,Pala.,115000.0,359000.0,2010
the extra man,Magn.,453000.0,4500.0,2010
dogtooth,Kino,110000.0,274000.0,2010
the tempest,Mira.,278000.0,68700.0,2010
the good heart,Magn.,20900.0,323000.0,2010
formosa betrayed,Scre.,225000.0,101000.0,2010
red hill,Strand,21100.0,300000.0,2010
welcome to the rileys,Gold.,159000.0,158000.0,2010
a woman a gun and a noodle shop,SPC,191000.0,121000.0,2010
the girl on the train,Strand,208000.0,97100.0,2010
mesrine public enemy no 1,MBox,275000.0,28100.0,2010
44 inch chest,Imag.,39000.0,255000.0,2010
karthik calling karthik,Eros,286000.0,7100.0,2010
eyes wide open,NAV,26300.0,250000.0,2010
waste land,Arth.,188000.0,88700.0,2010
south of the border,CLS,199000.0,70800.0,2010
human centipede,IFC,181000.0,70700.0,2010
lovely still,Mont.,128000.0,106000.0,2010
the girl flickan,Olive,2200.0,229000.0,2010
bitch slap,Free,17400.0,182000.0,2010
chance pe dance,UTV,169000.0,24300.0,2010
client 9 the rise and fall of eliot spitzer,Magn.,189000.0,3500.0,2010
perriers bounty,IFC,800.0,167000.0,2010
around a small mountain,CGld,33200.0,131000.0,2010
spring fever,Strand,10800.0,150000.0,2010
the eclipse,Magn.,133000.0,26400.0,2010
george a romeros survival of the dead,Magn.,102000.0,41500.0,2010
the romantics,FOAK,107000.0,17300.0,2010
freakonomics,Magn.,101000.0,16400.0,2010
saint john of las vegas,IVP,103000.0,9100.0,2010
band baaja baaraat,Yash,43800.0,60700.0,2010
kisses,Osci.,81700.0,15300.0,2010
waking sleeping beauty,BV,80700.0,4200.0,2010
enemies of the people,ICir,73200.0,6400.0,2010
hadewijch,IFC,5000.0,57500.0,2010
as good as dead,First,2000.0,53600.0,2010
inhale,IFC,4100.0,51000.0,2010
district b13 ultimatum,Magn.,36100.0,16200.0,2010
gasland,WOW,30800.0,18600.0,2010
boogie woogie,IFC,2600.0,44900.0,2010
come undone 2010,FM,10000.0,31300.0,2010
the red baron,Mont.,37200.0,3100.0,2010
bluebeard,Strand,33500.0,5200.0,2010
daddy longlegs,IFC,21800.0,11500.0,2010
nenette,Kino,18000.0,5400.0,2010
picture me,Strand,12000.0,10400.0,2010
the thorn in the heart,Osci.,7400.0,10500.0,2010
harry potter and the deathly hallows part 2,WB,381000000.0,960500000.0,2011
transformers dark of the moon,P/DW,352400000.0,771400000.0,2011
pirates of the caribbean on stranger tides,BV,241100000.0,804600000.0,2011
the twilight saga breaking dawn part 1,Sum.,281300000.0,430900000.0,2011
mission impossible ghost protocol,Par.,209400000.0,485300000.0,2011
kung fu panda 2,P/DW,165200000.0,500400000.0,2011
fast five,Uni.,209800000.0,416300000.0,2011
the hangover part ii,WB,254500000.0,332300000.0,2011
the smurfs,Sony,142600000.0,421100000.0,2011
cars 2,BV,191500000.0,370700000.0,2011
puss in boots,P/DW,149300000.0,405700000.0,2011
sherlock holmes a game of shadows,WB,186800000.0,358600000.0,2011
rio,Fox,143600000.0,341000000.0,2011
rise of the planet of the apes,Fox,176800000.0,305000000.0,2011
thor,Par.,181000000.0,268300000.0,2011
the adventures of tintin,Par.,77600000.0,296400000.0,2011
captain america the first avenger,Par.,176700000.0,193900000.0,2011
xmen first class,Fox,146400000.0,207200000.0,2011
alvin and the chipmunks chipwrecked,Fox,133100000.0,209600000.0,2011
real steel,BV,85500000.0,213800000.0,2011
bridesmaids,Uni.,169100000.0,119300000.0,2011
super 8,Par.,127000000.0,133100000.0,2011
rango,Par.,123500000.0,122200000.0,2011
the girl with the dragon tattoo 2011,Sony,102500000.0,130100000.0,2011
the green hornet,Sony,98800000.0,129000000.0,2011
immortals,Rela.,83500000.0,143400000.0,2011
green lantern,WB,116600000.0,103300000.0,2011
the help,BV,169700000.0,46900000.0,2011
bad teacher,Sony,100300000.0,115900000.0,2011
just go with it,Sony,103000000.0,111900000.0,2011
battle los angeles,Sony,83600000.0,128300000.0,2011
horrible bosses,WB (NL),117500000.0,92100000.0,2011
paranormal activity 3,Par.,104000000.0,103000000.0,2011
gnomeo and juliet,BV,100000000.0,94000000.0,2011
mr poppers penguins,Fox,68200000.0,119100000.0,2011
hugo,Par.,73900000.0,111900000.0,2011
the lion king in 3d,BV,94200000.0,91300000.0,2011
hop,Uni.,108100000.0,75900000.0,2011
war horse,BV,79900000.0,97700000.0,2011
the descendants,FoxS,82600000.0,94700000.0,2011
cowboys aliens,Uni.,100200000.0,74600000.0,2011
in time,Fox,37500000.0,136400000.0,2011
zookeeper,Sony,80400000.0,89500000.0,2011
the muppets,BV,88600000.0,76600000.0,2011
limitless,Rela.,79200000.0,82600000.0,2011
johnny english reborn,Uni.,8300000.0,151800000.0,2011
final destination 5,WB (NL),42600000.0,115300000.0,2011
tower heist,Uni.,78000000.0,74900000.0,2011
midnight in paris,SPC,56800000.0,94300000.0,2011
happy feet two,WB,64000000.0,86400000.0,2011
i am number four,BV,55100000.0,94800000.0,2011
jack and jill,Sony,74200000.0,75500000.0,2011
friends with benefits,SGem,55800000.0,93700000.0,2011
no strings attached,Par.,70700000.0,78600000.0,2011
arthur christmas,Sony,46500000.0,101000000.0,2011
source code,Sum.,54700000.0,92600000.0,2011
crazy stupid love,WB,84400000.0,58500000.0,2011
new years eve,WB (NL),54500000.0,87500000.0,2011
contagion,WB,75700000.0,59800000.0,2011
the artist,Wein.,44700000.0,88800000.0,2011
the three musketeers 2011,Sum.,20400000.0,111900000.0,2011
unknown,WB,63700000.0,67099999.0,2011
the adjustment bureau,Uni.,62500000.0,65400000.0,2011
we bought a zoo,Fox,75600000.0,44500000.0,2011
water for elephants,Fox,58700000.0,58400000.0,2011
the iron lady,Wein.,30000000.0,84900000.0,2011
moneyball,Sony,75600000.0,34600000.0,2011
sanctum,Uni.,23200000.0,85400000.0,2011
justin bieber never say never,Par.,73000000.0,26000000.0,2011
paul,Uni.,37400000.0,60600000.0,2011
scream 4,W/Dim.,38200000.0,59000000.0,2011
insidious,FD,54000000.0,43000000.0,2011
the rite,WB (NL),33000000.0,63000000.0,2011
dolphin tale,WB,72300000.0,23100000.0,2011
season of the witch,Rela.,24800000.0,66800000.0,2011
sucker punch,WB,36400000.0,53400000.0,2011
red riding hood,WB,37700000.0,51500000.0,2011
spy kids all the time in the world,W/Dim.,38500000.0,47000000.0,2011
j edgar,WB,37300000.0,47600000.0,2011
hall pass,WB (NL),45100000.0,38100000.0,2011
big mommas like father like son,Fox,37900000.0,44800000.0,2011
abduction,LGF,28100000.0,54000000.0,2011
tinker tailor soldier spy,Focus,24100000.0,56500000.0,2011
priest,SGem,29100000.0,49200000.0,2011
drive 2011,FD,35100000.0,41100000.0,2011
the mechanic,CBS,29100000.0,47000000.0,2011
the ides of march,Sony,41000000.0,35000000.0,2011
the changeup,Uni.,37100000.0,38400000.0,2011
the lincoln lawyer,LGF,58000000.0,17000000.0,2011
diary of a wimpy kid rodrick rules,Fox,52700000.0,19700000.0,2011
larry crowne,Uni.,35600000.0,36400000.0,2011
the dilemma,Uni.,48500000.0,21200000.0,2011
the darkest hour,Sum.,21400000.0,43200000.0,2011
hanna,Focus,40300000.0,23500000.0,2011
footloose 2011,Par.,51800000.0,11700000.0,2011
elite squad the enemy within,Vari.,100000.0,62900000.0,2011
colombiana,TriS,36700000.0,24300000.0,2011
something borrowed,WB,39000000.0,21100000.0,2011
one day,Focus,13800000.0,45500000.0,2011
beginning of the great revival,CL,151000.0,58200000.0,2011
killer elite,ORF,25100000.0,31300000.0,2011
extremely loud incredibly close,WB,31800000.0,23400000.0,2011
the tree of life,FoxS,13300000.0,41000000.0,2011
tyler perrys madeas big happy family,LGF,53300000.0,816000.0,2011
detective dee and the mystery of the phantom flame,IM,460000.0,51300000.0,2011
winnie the pooh,BV,26700000.0,23200000.0,2011
conan the barbarian 2011,LGF,21300000.0,27500000.0,2011
soul surfer,TriS,43900000.0,3200000.0,2011
war of the arrows,CJ,251000.0,45800000.0,2011
arthur 2011,WB,33000000.0,12700000.0,2011
the debt,Focus,31200000.0,14500000.0,2011
beastly,CBS,27900000.0,15300000.0,2011
of gods and men,SPC,4000000.0,38200000.0,2011
born to be wild imax,WB,25900000.0,15600000.0,2011
evangelion 20 you can not advance,Elev.,134000.0,41000000.0,2011
fright night 2011,BV,18300000.0,22700000.0,2011
30 minutes or less,Sony,37100000.0,3500000.0,2011
the roommate,SGem,37300000.0,3200000.0,2011
shark night 3d,Rela.,18900000.0,21300000.0,2011
monte carlo,Fox,23200000.0,16500000.0,2011
5050,Sum.,35000000.0,4200000.0,2011
mars needs moms,BV,21400000.0,17600000.0,2011
dream house,Uni.,21300000.0,17200000.0,2011
jumping the broom,TriS,37300000.0,415000.0,2011
dont be afraid of the dark,FD,24000000.0,12900000.0,2011
ra one,Eros,2500000.0,33400000.0,2011
a very harold kumar 3d christmas,WB,35100000.0,326000.0,2011
my week with marilyn,Wein.,14600000.0,20500000.0,2011
the sitter,Fox,30400000.0,4500000.0,2011
jane eyre,Focus,11200000.0,23500000.0,2011
shaolin,Vari.,66100.0,33600000.0,2011
african cats,BV,15400000.0,15400000.0,2011
the skin i live in,SPC,3200000.0,27700000.0,2011
i dont know how she does it,Wein.,9700000.0,20900000.0,2011
whats your number,Fox,14000000.0,16399999.0,2011
drive angry,Sum.,10700000.0,18200000.0,2011
carnage 2011,SPC,2500000.0,25100000.0,2011
a dangerous method,SPC,5700000.0,21800000.0,2011
the thing 2011,Uni.,16900000.0,10500000.0,2011
the eagle,Focus,19500000.0,7600000.0,2011
legend of the fist the return of chen zhen,Vari.,50400.0,26500000.0,2011
apollo 18,W/Dim.,17700000.0,7900000.0,2011
biutiful,RAtt.,5100000.0,20000000.0,2011
your highness,Uni.,21600000.0,3300000.0,2011
the rum diary,FD,13100000.0,10800000.0,2011
the women on the 6th floor,Strand,720000.0,22500000.0,2011
potiche,MBox,1600000.0,21600000.0,2011
warrior,LGF,13700000.0,9400000.0,2011
young adult,Par.,16300000.0,6600000.0,2011
sarahs key,Wein.,7700000.0,13400000.0,2011
the way back,NM,2700000.0,17600000.0,2011
a separation,SPC,7100000.0,12800000.0,2011
the guard,SPC,5400000.0,14200000.0,2011
margin call,RAtt.,5400000.0,14200000.0,2011
glee the 3d concert movie,Fox,11900000.0,6800000.0,2011
shame,FoxS,3900000.0,13800000.0,2011
13 assassins,Magn.,803000.0,16800000.0,2011
hoodwinked too hood vs evil,Wein.,10100000.0,6800000.0,2011
the heir apparent largo winch,MBox,10400.0,16900000.0,2011
the last godfather,RAtt.,164000.0,16600000.0,2011
delhi belly,UTV,1500000.0,15200000.0,2011
melancholia,Magn.,3000000.0,12900000.0,2011
judy moody and the not bummer summer,Rela.,15000000.0,678000.0,2011
the conspirator,RAtt.,11500000.0,3900000.0,2011
anonymous,Sony,4500000.0,10900000.0,2011
ip man 2 legend of the grandmaster,Vari.,206000.0,14900000.0,2011
the housemaid,IFC,158000.0,14600000.0,2011
desert flower,NGE,44300.0,14600000.0,2011
pina,IFC,3500000.0,11100000.0,2011
beginners,Focus,5800000.0,8500000.0,2011
my afternoons with margueritte,Cohen,667000.0,13600000.0,2011
i saw the devil,Magn.,129000.0,12600000.0,2011
the hedgehog,NeoC,708000.0,12000000.0,2011
gainsbourg a heroic life,MBox,233000.0,12000000.0,2011
the warring states,CL,69000.0,11800000.0,2011
what women want wo zhi nu run xin,CL,124000.0,11700000.0,2011
snow flower and the secret fan,FoxS,1300000.0,10000000.0,2011
win win,FoxS,10200000.0,652000.0,2011
flying monsters,NGE,5700000.0,5100000.0,2011
city of life and death,Kino,123000.0,10600000.0,2011
le havre,Jan.,612000.0,9900000.0,2011
in a better world,SPC,1000000.0,8600000.0,2011
trespass 2011,MNE,24100.0,9600000.0,2011
saving private perez,LGF,1400000.0,7900000.0,2011
point blank,Magn.,708000.0,8500000.0,2011
winter in wartime,SPC,543000.0,8700000.0,2011
barneys version us only,SPC,4400000.0,4000000.0,2011
outrage 2011,Magn.,44700.0,8400000.0,2011
senna,PDA,1600000.0,6600000.0,2011
last night,Trib.,99000.0,7600000.0,2011
the big year,Fox,7200000.0,244000.0,2011
the beaver,Sum.,971000.0,6300000.0,2011
the princess of montpensier,IFC,352000.0,6400000.0,2011
cave of forgotten dreams,IFC,5300000.0,1200000.0,2011
sex and zen 3d extreme ecstasy,CL,153000.0,6200000.0,2011
we need to talk about kevin,Osci.,1700000.0,4300000.0,2011
attack the block,SGem,1000000.0,4800000.0,2011
even the rain,Vita.,518000.0,5300000.0,2011
young goethe in love,MBox,162000.0,5600000.0,2011
111111,Rocket,32800.0,5700000.0,2011
certified copy,IFC,1400000.0,4099999.0,2011
thank you 2011,UTV,464000.0,5000000.0,2011
the company men,Wein.,4400000.0,441000.0,2011
tucker dale vs evil,Magn.,224000.0,4500000.0,2011
london boulevard,IFC,16100.0,4600000.0,2011
dylan dog dead of night,OMNI/FSR,1200000.0,3400000.0,2011
the names of love,MBox,514000.0,4099999.0,2011
burke and hare,IFC,4800.0,4300000.0,2011
king of devils island,FM,7600.0,4200000.0,2011
bride flight,MBox,501000.0,3700000.0,2011
trollhunter,Magn.,253000.0,3900000.0,2011
carancho,Strand,85500.0,3900000.0,2011
like crazy,ParV,3400000.0,336000.0,2011
the double,Imag.,138000.0,3600000.0,2011
love crime,IFC,540000.0,3100000.0,2011
incendies us only,SPC,2100000.0,1500000.0,2011
martha marcy may marlene,FoxS,3000000.0,548000.0,2011
machine gun preacher,Rela.,539000.0,2800000.0,2011
the last circus,Magn.,40500.0,3200000.0,2011
from prada to nada,LGF,3000000.0,123000.0,2011
flypaper,IFC,5000.0,3100000.0,2011
take shelter,SPC,1700000.0,1400000.0,2011
the greatest miracle,KKM,555000.0,2500000.0,2011
rapt,Lorb.,45800.0,2900000.0,2011
pastorela,LGF,161000.0,2700000.0,2011
the double hour,Gold.,1500000.0,1200000.0,2011
3 2011,Strand,60000.0,2600000.0,2011
oranges and sunshine,Cohen,143000.0,2400000.0,2011
ong bak 3,Magn.,14900.0,2300000.0,2011
poetry,Kino,356000.0,1900000.0,2011
the tree,Zeit.,71200.0,2100000.0,2011
the butcher the chef and the swordsman,CL,47900.0,2000000.0,2011
armadillo,Lorb.,14600.0,2000000.0,2011
brighton rock,IFC,230000.0,1600000.0,2011
a somewhat gentle man,Strand,37700.0,1800000.0,2011
the topp twins untouchable girls,Argo.,29300.0,1800000.0,2011
another earth,FoxS,1300000.0,456000.0,2011
chalet girl,IFC,1700.0,1700000.0,2011
yamla pagla deewana,Eros,993000.0,600000.0,2011
uncle boonmee who can recall his past lives,Strand,184000.0,946000.0,2011
london river,Libre,7200.0,1100000.0,2011
when we leave die fremde,Olive,19600.0,1100000.0,2011
vanishing on 7th street,Magn.,22700.0,1000000.0,2011
the time that remains,IFC,32900.0,1000000.0,2011
texas killing fields,Anch.,45500.0,912000.0,2011
miral,Wein.,373000.0,527000.0,2011
submarine,Wein.,468000.0,397000.0,2011
mozarts sister,MBox,708000.0,132000.0,2011
plastic planet,FRun,3200.0,836000.0,2011
chillar party,UTV,6300.0,826000.0,2011
the first grader,NGE,332000.0,382000.0,2011
dhobi ghat mumbai diaries,UTV,577000.0,102000.0,2011
no one killed jessica,UTV,441000.0,193000.0,2011
korkoro,Lorb.,8200.0,619000.0,2011
blackthorn,Magn.,201000.0,423000.0,2011
how i ended this summer,FM,8700.0,614000.0,2011
the ledge,IFC,9200.0,602000.0,2011
heartbeats,IFC,68700.0,520000.0,2011
kaboom,IFC,119000.0,421000.0,2011
protektor,FM,3000.0,469000.0,2011
the other woman,IFC,25400.0,427000.0,2011
rage rabia,Strand,5600.0,403000.0,2011
the human resources manager,FM,64000.0,329000.0,2011
7 khoon maaf,UTV,270000.0,94700.0,2011
another happy day,P4,8500.0,347000.0,2011
the mill and the cross,KC,312000.0,30300.0,2011
special treatment,FRun,8900.0,286000.0,2011
illegal 2011,FM,700.0,289000.0,2011
black death,Magn.,22600.0,243000.0,2011
le quattro volte,Lorb.,153000.0,103000.0,2011
caterpillar,Lorb.,4200.0,248000.0,2011
little girl la pivellina,FRun,1400.0,236000.0,2011
if i want to whistle i whistle,FM,12100.0,220000.0,2011
the robber,Kino,83500.0,125000.0,2011
henrys crime,MPFT,103000.0,102000.0,2011
film socialisme,Lorb.,33000.0,159000.0,2011
leap year 2011,Strand,13000.0,175000.0,2011
a screaming man,FM,9900.0,175000.0,2011
nostalgia for the light,Icar.,164000.0,13700.0,2011
anchor baby,AGF,15800.0,161000.0,2011
road to nowhere,Mont.,40300.0,121000.0,2011
octubre,NYer,32100.0,96700.0,2011
the arbor,Strand,21600.0,105000.0,2011
mysteries of lisbon,MBox,111000.0,14900.0,2011
vidal sassoon the movie,P4,86000.0,38600.0,2011
tuesday after christmas,Lorb.,27800.0,36200.0,2011
brotherhood 2011,P4,19700.0,12700.0,2011
im glad my mother is alive,Strand,8700.0,13200.0,2011
aurora,CGld,5700.0,5100.0,2011
to die like a man,Strand,4000.0,900.0,2011
marvels the avengers,BV,623400000.0,895500000.0,2012
skyfall,Sony,304400000.0,804200000.0,2012
the dark knight rises,WB,448100000.0,636800000.0,2012
the hobbit an unexpected journey,WB (NL),303000000.0,718100000.0,2012
ice age continental drift,Fox,161300000.0,715900000.0,2012
the twilight saga breaking dawn part 2,LG/S,292300000.0,537400000.0,2012
the amazing spiderman,Sony,262000000.0,495900000.0,2012
madagascar 3 europes most wanted,P/DW,216400000.0,530500000.0,2012
the hunger games,LGF,408000000.0,286400000.0,2012
mib 3,Sony,179000000.0,445000000.0,2012
life of pi,Fox,125000000.0,484000000.0,2012
ted,Uni.,218800000.0,330600000.0,2012
brave,BV,237300000.0,303200000.0,2012
wreckit ralph,BV,189400000.0,281800000.0,2012
les miserables 2012,Uni.,148800000.0,293000000.0,2012
the intouchables usonly,Wein.,10200000.0,416400000.0,2012
django unchained,Wein.,162800000.0,262600000.0,2012
prometheus,Fox,126500000.0,276900000.0,2012
snow white and the huntsman,Uni.,155300000.0,241300000.0,2012
taken 2,Fox,139900000.0,236300000.0,2012
hotel transylvania,Sony,148300000.0,210100000.0,2012
dr seuss the lorax,Uni.,214000000.0,134800000.0,2012
titanic 3d,Par.,57900000.0,285700000.0,2012
journey 2 the mysterious island,WB (NL),103900000.0,231400000.0,2012
the expendables 2,LGF,85000000.0,229900000.0,2012
rise of the guardians,P/DW,103400000.0,203500000.0,2012
wrath of the titans,WB,83700000.0,221600000.0,2012
battleship,Uni.,65400000.0,237600000.0,2012
john carter,BV,73100000.0,211100000.0,2012
the bourne legacy,Uni.,113200000.0,162900000.0,2012
lincoln,BV,182200000.0,93100000.0,2012
dark shadows,WB,79700000.0,165800000.0,2012
resident evil retribution,SGem,42300000.0,197700000.0,2012
silver linings playbook,Wein.,132100000.0,104300000.0,2012
american reunion,Uni.,57000000.0,178000000.0,2012
argo,WB,136000000.0,96300000.0,2012
jack reacher,Par.,80100000.0,138300000.0,2012
safe house,Uni.,126400000.0,81700000.0,2012
21 jump street,Sony,138400000.0,63100000.0,2012
total recall 2012,Sony,58900000.0,139600000.0,2012
the vow,SGem,125000000.0,71100000.0,2012
mirror mirror,Rela.,64900000.0,118100000.0,2012
the impossible,LG/S,19000000.0,161300000.0,2012
the dictator,Par.,59700000.0,119700000.0,2012
looper,TriS,66500000.0,110000000.0,2012
magic mike,WB,113700000.0,53500000.0,2012
flight,Par.,93800000.0,68000000.0,2012
underworld awakening,SGem,62300000.0,97800000.0,2012
this means war,Fox,54800000.0,101700000.0,2012
the secret world of arrietty,BV,19200000.0,126400000.0,2012
paranormal activity 4,Par.,53900000.0,88900000.0,2012
step up revolution,LG/S,35100000.0,105400000.0,2012
the best exotic marigold hotel,FoxS,46400000.0,90400000.0,2012
zero dark thirty,Sony,95700000.0,37100000.0,2012
ghost rider spirit of vengeance,Sony,51800000.0,80800000.0,2012
cloud atlas,WB,27100000.0,103400000.0,2012
the woman in black,CBS,54300000.0,73400000.0,2012
chronicle 2012,Fox,64599999.0,62100000.0,2012
the pirates band of misfits,Sony,31100000.0,92000000.0,2012
parental guidance,Fox,77300000.0,42500000.0,2012
abraham lincoln vampire hunter,Fox,37500000.0,79000000.0,2012
pitch perfect,Uni.,65000000.0,50300000.0,2012
hope springs,Sony,63500000.0,50700000.0,2012
paranorman,Focus,56000000.0,51100000.0,2012
the campaign,WB,86900000.0,18000000.0,2012
let the bullets fly,Vari.,63000.0,104300000.0,2012
star wars episode i the phantom menace in 3d,Fox,43500000.0,59300000.0,2012
project x,WB,54700000.0,48000000.0,2012
the devil inside,Par.,53300000.0,48500000.0,2012
the lucky one,WB,60500000.0,38900000.0,2012
contraband,Uni.,66500000.0,29700000.0,2012
think like a man,SGem,91500000.0,4500000.0,2012
this is 40,Uni.,67500000.0,20500000.0,2012
the inbetweeners movie,WHE,36000.0,88000000.0,2012
the possession,LGF,49100000.0,36300000.0,2012
what to expect when youre expecting,LGF,41200000.0,43200000.0,2012
the thieves,WGUSA,686000.0,82800000.0,2012
savages 2012,Uni.,47400000.0,35600000.0,2012
frankenweenie,BV,35300000.0,46200000.0,2012
act of valor,Rela.,70000000.0,11300000.0,2012
masquerade 2012,CJ,923000.0,79800000.0,2012
sinister,LG/S,48100000.0,29600000.0,2012
the grey,ORF,51600000.0,25700000.0,2012
diary of a wimpy kid dog days,Fox,49000000.0,28100000.0,2012
to rome with love,SPC,16700000.0,56600000.0,2012
here comes the boom,Sony,45300000.0,27800000.0,2012
finding nemo 3d,BV,41100000.0,28200000.0,2012
anna karenina,Focus,12800000.0,56100000.0,2012
the watch,Fox,35400000.0,32900000.0,2012
moonrise kingdom,Focus,45500000.0,22800000.0,2012
tyler perrys madeas witness protection,LGF,65700000.0,1200000.0,2012
the cabin in the woods,LGF,42100000.0,24400000.0,2012
beauty and the beast 3d,BV,47600000.0,14400000.0,2012
rock of ages,WB (NL),38500000.0,20900000.0,2012
thats my boy,Sony,36900000.0,20800000.0,2012
the odd life of timothy green,BV,51900000.0,4200000.0,2012
the three stooges,Fox,44300000.0,10500000.0,2012
the fiveyear engagement,Uni.,28800000.0,25100000.0,2012
lawless,Wein.,37400000.0,16300000.0,2012
silent hill revelation 3d,ORF,17500000.0,34800000.0,2012
red tails,Fox,49900000.0,489000.0,2012
monsters inc 3d,BV,34000000.0,16200000.0,2012
trouble with the curve,WB,35800000.0,13200000.0,2012
little white lies,MPI,206000.0,48300000.0,2012
end of watch,ORF,41000000.0,7100000.0,2012
man on a ledge,LG/S,18600000.0,27600000.0,2012
house at the end of the street,Rela.,31600000.0,12700000.0,2012
the guilt trip,Par.,37100000.0,4700000.0,2012
a werewolf boy,CJ,343000.0,41300000.0,2012
safe 2012,LGF,17100000.0,23200000.0,2012
killing them softly,Wein.,15000000.0,22900000.0,2012
chernobyl diaries,WB,18100000.0,19000000.0,2012
one for the money,LGF,26400000.0,10500000.0,2012
dredd,LGF,13400000.0,22200000.0,2012
tyler perrys good deeds,LGF,35000000.0,553000.0,2012
arbitrage,RAtt.,7900000.0,27600000.0,2012
chimpanzee,BV,29000000.0,5900000.0,2012
alex cross,LG/S,25900000.0,8700000.0,2012
salmon fishing in the yemen,CBS,9000000.0,25500000.0,2012
fetih 1453 the conquest of constantinople,NeoC,35700.0,34400000.0,2012
cirque du soleil worlds away,Par.,12500000.0,21600000.0,2012
the perks of being a wallflower,LG/S,17700000.0,15600000.0,2012
haywire,Rela.,18900000.0,14400000.0,2012
katy perry part of me,Par.,25300000.0,7400000.0,2012
lockout,FD,14300000.0,17900000.0,2012
joyful noise,WB,30900000.0,226000.0,2012
premium rush,Sony,20300000.0,10800000.0,2012
the raven,Rela.,16000000.0,13600000.0,2012
rowdy rathore,UTV,777000.0,28600000.0,2012
dragon 2012,RTWC,11100.0,29100000.0,2012
bol bachchan,FIP,1200000.0,27600000.0,2012
the master,Wein.,16399999.0,11900000.0,2012
rust and bone,SPC,2100000.0,23700000.0,2012
big miracle,Uni.,20200000.0,4600000.0,2012
sparkle 2012,TriS,24400000.0,240000.0,2012
to the arctic imax,WB,14600000.0,9100000.0,2012
hitchcock,FoxS,6000000.0,17600000.0,2012
a thousand words,P/DW,18500000.0,3600000.0,2012
wanderlust,Uni.,17500000.0,4200000.0,2012
beasts of the southern wild,FoxS,12800000.0,8300000.0,2012
polisse,IFC,211000.0,20200000.0,2012
amour,SPC,6700000.0,13100000.0,2012
the man with the iron fists,Uni.,15600000.0,4099999.0,2012
seven psychopaths,CBS,15000000.0,4400000.0,2012
gone,LG/S,11700000.0,6400000.0,2012
norwegian wood,RF,13000.0,17600000.0,2012
the cold light of day,LG/S,3800000.0,13100000.0,2012
my way 2012,CJ,70200.0,16500000.0,2012
tomorrow when the war began,Free,4900.0,16500000.0,2012
we have a pope,IFC,548000.0,15600000.0,2012
headhunters,Magn.,1200000.0,14500000.0,2012
hit and run,ORF,13700000.0,704000.0,2012
war of the buttons 2012,Wein.,47800.0,13800000.0,2012
red lights 2012,MNE,52600.0,13500000.0,2012
the words,CBS,11500000.0,1700000.0,2012
silent house,ORF,12800000.0,347000.0,2012
friends with kids,RAtt.,7300000.0,5800000.0,2012
the welldiggers daughter,KL,386000.0,12200000.0,2012
klown,Drft.,68800.0,12400000.0,2012
seeking justice,Anch.,412000.0,11900000.0,2012
bachelorette,RTWC,448000.0,11500000.0,2012
this must be the place,Wein.,144000.0,11600000.0,2012
fun size,Par.,9400000.0,2000000.0,2012
rec 3 genesis,Magn.,9600.0,10100000.0,2012
delicacy,Cohen,499000.0,9200000.0,2012
seeking a friend for the end of the world,Focus,7100000.0,2600000.0,2012
the apparition,WB,4900000.0,4700000.0,2012
for greater glory,ArcEnt,5700000.0,4000000.0,2012
hysteria,SPC,1800000.0,7700000.0,2012
the sessions,FoxS,6000000.0,3100000.0,2012
ruby sparks,FoxS,2500000.0,6600000.0,2012
hyde park on hudson,Focus,6400000.0,2500000.0,2012
on the road,IFC,744000.0,8000000.0,2012
boy 2012,PalUni,256000.0,8400000.0,2012
piranha 3dd,W/Dim.,377000.0,8100000.0,2012
easy money 2012,Wein.,206000.0,8199999.0,2012
space dogs 3d,EpicPics,14400.0,8300000.0,2012
bel ami,Magn.,120000.0,8199999.0,2012
promised land 2012,Focus,7600000.0,541000.0,2012
iron sky,EOne,122000.0,8000000.0,2012
casa de mi padre,LGF,5900000.0,2100000.0,2012
heroine,UTV,599000.0,7400000.0,2012
a royal affair,Magn.,1500000.0,6000000.0,2012
all together,KL,43200.0,7200000.0,2012
my worst nightmare,Strand,22000.0,7100000.0,2012
monsieur lazhar usonly,MBox,2000000.0,4600000.0,2012
goon,Magn.,4200000.0,2300000.0,2012
cosmopolis,EOne,764000.0,5300000.0,2012
chasing mavericks,Fox,6000000.0,600.0,2012
declaration of war,IFC,59100.0,5800000.0,2012
puella magi madoka magica the movie,Elev.,180000.0,5600000.0,2012
albert nobbs,RAtt.,3000000.0,2600000.0,2012
in darkness,SPC,1000000.0,4500000.0,2012
farewell my queen,Cohen,1600000.0,3700000.0,2012
girl in progress,LGF,2600000.0,2000000.0,2012
jeff who lives at home,ParV,4300000.0,148000.0,2012
barbara,AF,1000000.0,3100000.0,2012
nitro circus the movie 3d,ArcEnt,3400000.0,526000.0,2012
the lady,Cohen,355000.0,3400000.0,2012
branded,RAtt.,354000.0,3400000.0,2012
the rabbis cat,GK,23400.0,3700000.0,2012
killer joe,LD,2000000.0,1700000.0,2012
harakiri death of a samurai,Trib.,75700.0,3400000.0,2012
intruders,MNE,69100.0,2900000.0,2012
a simple life,CL,192000.0,2600000.0,2012
simon and the oaks,TFA,151000.0,2400000.0,2012
kid with a bike,IFC,1500000.0,1000000.0,2012
chico rita,GK,351000.0,1900000.0,2012
stolen 2012,MNE,304000.0,1800000.0,2012
the imposter,IM,898000.0,1100000.0,2012
the day i saw your heart,FM,3500.0,2000000.0,2012
tales of the night,GK,11000.0,1700000.0,2012
beloved 2012,IFC,138000.0,1500000.0,2012
360,Magn.,100000.0,1600000.0,2012
2 days in new york,Magn.,633000.0,1000000.0,2012
hermano,MBox,29900.0,1600000.0,2012
lay the favorite,RTWC,21000.0,1600000.0,2012
soldiers of fortune,RAtt.,38900.0,1500000.0,2012
i wish,Magn.,146000.0,1400000.0,2012
the salt of life,Zeit.,317000.0,1200000.0,2012
chicken with plums,SPC,254000.0,1200000.0,2012
the paperboy,MNE,693000.0,661000.0,2012
unforgivable,Strand,154000.0,1200000.0,2012
a little bit of heaven,MNE,15400.0,1300000.0,2012
meerkats,NGE,778000.0,482000.0,2012
once upon a time in anatolia,CGld,152000.0,1000000.0,2012
coriolanus,Wein.,757000.0,315000.0,2012
elles,KL,158000.0,754000.0,2012
we,Wein.,583000.0,285000.0,2012
breathing,KL,4600.0,803000.0,2012
free men,FM,53800.0,564000.0,2012
sister 2012,AF,155000.0,400000.0,2012
bully 2012,Wein.,279000.0,182000.0,2012
apartment 143,Magn.,400.0,426000.0,2012
universal soldier day of reckoning,Magn.,5500.0,364000.0,2012
17 girls,Strand,15100.0,186000.0,2012
butter,RTWC,105000.0,70700.0,2012
kill list,IFC,29100.0,143000.0,2012
toys in the attic,Hann.,64900.0,61600.0,2012
wagner me,FRun,37700.0,41000.0,2012
attenberg,Strand,24000.0,45900.0,2012
north sea texas,Strand,28300.0,16700.0,2012
cirkus columbia,Strand,3500.0,9500.0,2012
frozen,BV,400700000.0,875700000.0,2013
iron man 3,BV,409000000.0,805800000.0,2013
despicable me 2,Uni.,368100000.0,602700000.0,2013
the hobbit the desolation of smaug,WB (NL),258399999.0,700000000.0,2013
the hunger games catching fire,LGF,424700000.0,440300000.0,2013
fast furious 6,Uni.,238700000.0,550000000.0,2013
monsters university,BV,268500000.0,475700000.0,2013
gravity,WB,274100000.0,449100000.0,2013
man of steel,WB,291000000.0,377000000.0,2013
thor the dark world,BV,206400000.0,438200000.0,2013
the croods,Fox,187200000.0,400000000.0,2013
world war z,Par.,202400000.0,337600000.0,2013
oz the great and powerful,BV,234900000.0,258399999.0,2013
star trek into darkness,Par.,228800000.0,238600000.0,2013
the wolverine,Fox,132600000.0,282300000.0,2013
pacific rim,WB,101800000.0,309200000.0,2013
the wolf of wall street,Par.,116900000.0,275100000.0,2013
gi joe retaliation,Par.,122500000.0,253200000.0,2013
the hangover part iii,WB,112200000.0,249800000.0,2013
the great gatsby 2013,WB,144800000.0,208800000.0,2013
now you see me,LG/S,117700000.0,234000000.0,2013
the smurfs 2,Sony,71000000.0,276500000.0,2013
the conjuring,WB (NL),137400000.0,182100000.0,2013
a good day to die hard,Fox,67300000.0,237300000.0,2013
oblivion,Uni.,89100000.0,197100000.0,2013
elysium,TriS,93100000.0,193100000.0,2013
turbo,Fox,83000000.0,199500000.0,2013
cloudy with a chance of meatballs 2,Sony,119800000.0,154500000.0,2013
were the millers,WB (NL),150400000.0,119600000.0,2013
epic,Fox,107500000.0,160900000.0,2013
the lone ranger,BV,89300000.0,171200000.0,2013
american hustle,Sony,150100000.0,101100000.0,2013
grown ups 2,Sony,133699999.0,113300000.0,2013
after earth,Sony,60500000.0,183300000.0,2013
planes,BV,90300000.0,149000000.0,2013
the heat,Fox,159600000.0,70300000.0,2013
hansel and gretel witch hunters,Par.,55700000.0,170600000.0,2013
captain phillips,Sony,107100000.0,111700000.0,2013
white house down,Sony,73100000.0,132300000.0,2013
percy jackson sea of monsters,Fox,68600000.0,131300000.0,2013
lost in thailand,WAMCR,57400.0,197700000.0,2013
jack the giant slayer,WB (NL),65200000.0,132500000.0,2013
the secret life of walter mitty,Fox,58200000.0,129900000.0,2013
12 years a slave,FoxS,56700000.0,131100000.0,2013
lee daniels the butler,Wein.,116600000.0,60000000.0,2013
identity thief,Uni.,134500000.0,39500000.0,2013
anchorman 2 the legend continues,Par.,125200000.0,46300000.0,2013
olympus has fallen,FD,98900000.0,71300000.0,2013
insidious chapter 2,FD,83600000.0,78300000.0,2013
lone survivor,Uni.,125100000.0,29700000.0,2013
jackass presents bad grandpa,Par.,102000000.0,49800000.0,2013
47 ronin,Uni.,38400000.0,113400000.0,2013
red 2,LG/S,53300000.0,94800000.0,2013
mama,Uni.,71600000.0,74800000.0,2013
escape plan,LG/S,25100000.0,112200000.0,2013
last vegas,CBS,63900000.0,70500000.0,2013
2 guns,Uni.,75600000.0,56300000.0,2013
walking with dinosaurs,Fox,36100000.0,90500000.0,2013
this is the end,Sony,101500000.0,24600000.0,2013
enders game,LG/S,61700000.0,63800000.0,2013
prisoners,WB,61000000.0,61100000.0,2013
saving mr banks,BV,83300000.0,34600000.0,2013
warm bodies,LG/S,66400000.0,50600000.0,2013
jurassic park 3d,Uni.,45400000.0,71100000.0,2013
personal tailor,CL,376000.0,115800000.0,2013
free birds,Rela.,55800000.0,54600000.0,2013
gangster squad,WB,46000000.0,59200000.0,2013
philomena,Wein.,37700000.0,62400000.0,2013
instructions not included,LGF,44500000.0,54600000.0,2013
riddick,Uni.,42000000.0,56300000.0,2013
safe haven,Rela.,71300000.0,26200000.0,2013
evil dead 2013,TriS,54200000.0,43300000.0,2013
blue jasmine,SPC,33400000.0,64099999.0,2013
the mortal instruments city of bones,SGem,31200000.0,64200000.0,2013
the internship,Fox,44700000.0,48800000.0,2013
rush 2013,Uni.,26900000.0,63300000.0,2013
the purge,Uni.,64500000.0,24900000.0,2013
dhoom 3,Yash,8000000.0,80000000.0,2013
about time,Uni.,15300000.0,71800000.0,2013
pain and gain,Par.,49900000.0,36300000.0,2013
carrie 2013,SGem,35300000.0,49500000.0,2013
the family 2013,Rela.,36900000.0,41500000.0,2013
scary movie 5,W/Dim.,32000000.0,46400000.0,2013
ripd,Uni.,33600000.0,44700000.0,2013
tiny times,CL,23500.0,77700000.0,2013
the book thief,Fox,21500000.0,55100000.0,2013
escape from planet earth,Wein.,57000000.0,17600000.0,2013
august osage county,Wein.,37700000.0,36500000.0,2013
the best man holiday,Uni.,70500000.0,2300000.0,2013
young detective dee rise of the sea dragon,WAMCR,87800.0,72200000.0,2013
the counselor,Fox,17000000.0,54000000.0,2013
the call,TriS,51900000.0,16700000.0,2013
one direction this is us,TriS,28900000.0,39700000.0,2013
the grandmaster,Wein.,6600000.0,57500000.0,2013
side effects 2013,ORF,32200000.0,31200000.0,2013
the host 2013,ORF,26600000.0,36700000.0,2013
runner runner,Fox,19300000.0,43400000.0,2013
from up on poppy hill,GK,1000000.0,60000000.0,2013
kickass 2,Uni.,28800000.0,32000000.0,2013
a haunted house,ORF,40000000.0,20100000.0,2013
beautiful creatures 2013,WB,19500000.0,40600000.0,2013
quartet,Wein.,18400000.0,41100000.0,2013
dallas buyers club,Focus,27300000.0,27900000.0,2013
the face reader,PM&E,516000.0,54100000.0,2013
tyler perrys a madea christmas,LGF,52500000.0,853000.0,2013
tyler perrys temptation confessions of a marriage counselor,LGF,52000000.0,1200000.0,2013
delivery man,BV,30700000.0,19300000.0,2013
the berlin file,CJ,665000.0,48300000.0,2013
the last stand,LGF,12100000.0,36300000.0,2013
21 and over,Rela.,25700000.0,22400000.0,2013
her 2013,WB,25600000.0,21800000.0,2013
tiny times 2,CL,43800.0,47200000.0,2013
texas chainsaw 3d,LGF,34300000.0,12900000.0,2013
the big wedding,LGF,21800000.0,24700000.0,2013
parker,FD,17600000.0,28600000.0,2013
the worlds end,Focus,26000000.0,20100000.0,2013
grudge match,WB,29800000.0,15100000.0,2013
homefront,ORF,20200000.0,22900000.0,2013
jobs,ORF,16100000.0,19800000.0,2013
the place beyond the pines,Focus,21400000.0,14100000.0,2013
inside llewyn davis,CBS,13200000.0,19700000.0,2013
mud,RAtt.,21600000.0,11000000.0,2013
movie 43,Rela.,8800000.0,23600000.0,2013
kevin hart let me explain,LG/S,32200000.0,74000.0,2013
spring breakers,A24,14100000.0,17600000.0,2013
new world 2013,WGUSA,458000.0,31200000.0,2013
don jon,Rela.,24500000.0,6000000.0,2013
i give it a year,Magn.,34700.0,28200000.0,2013
nebraska,Par.,17700000.0,10000000.0,2013
the incredible burt wonderstone,WB (NL),22500000.0,4900000.0,2013
mandela long walk to freedom,Wein.,8300000.0,19000000.0,2013
khumba,MNE,1000.0,27200000.0,2013
dark skies,W/Dim.,17400000.0,9000000.0,2013
enough said,FoxS,17600000.0,7700000.0,2013
trance,FoxS,2300000.0,21900000.0,2013
the way way back,FoxS,21500000.0,1700000.0,2013
kontiki,Wein.,1500000.0,21300000.0,2013
baggage claim,FoxS,21600000.0,887000.0,2013
diana,EOne,335000.0,21400000.0,2013
the great beauty,Jan.,2900000.0,18500000.0,2013
the sapphires,Wein.,2500000.0,18000000.0,2013
the company you keep,SPC,5100000.0,14500000.0,2013
the bling ring,A24,5800000.0,13300000.0,2013
dead man down,FD,10900000.0,7200000.0,2013
fruitvale station,Wein.,16100000.0,1300000.0,2013
battle of the year,SGem,8900000.0,7700000.0,2013
out of the furnace,Rela.,11300000.0,4300000.0,2013
billy and buddy,Distrib.,900.0,15200000.0,2013
machete kills,ORF,8000000.0,7000000.0,2013
journey to the south pacific,Imax,7600000.0,6500000.0,2013
paranoia,Rela.,7400000.0,6400000.0,2013
all is lost,RAtt.,6300000.0,7400000.0,2013
puella magi madoka magica the movie rebellion,Elev.,376000.0,12600000.0,2013
stoker,FoxS,1700000.0,10400000.0,2013
in the house,Cohen,390000.0,11500000.0,2013
im so excited,SPC,1400000.0,10400000.0,2013
haute cuisine,Wein.,218000.0,11200000.0,2013
before midnight,SPC,8100000.0,3100000.0,2013
only god forgives,RTWC,779000.0,9900000.0,2013
the past,SPC,1300000.0,9300000.0,2013
love is all you need,SPC,1600000.0,8400000.0,2013
tyler perry presents peeples,LGF,9200000.0,130000.0,2013
jerusalem,NGE,8000000.0,1300000.0,2013
the fifth estate,BV,3300000.0,5300000.0,2013
upside down,MNE,105000.0,8000000.0,2013
metallica through the never,PH,3400000.0,4600000.0,2013
pulling strings,LGF,5800000.0,2000000.0,2013
black nativity,FoxS,7000000.0,436000.0,2013
blue is the warmest color,IFC,2200000.0,5200000.0,2013
unfinished song,Wein.,1700000.0,5300000.0,2013
the angels share,IFC,347000.0,6700000.0,2013
the sweeney,EOne,26700.0,6300000.0,2013
populaire,Wein.,179000.0,5300000.0,2013
broken circle breakdown,Trib.,175000.0,5300000.0,2013
fists of legend,CJ,134000.0,5300000.0,2013
oldboy 2013,FD,2200000.0,2700000.0,2013
commitment,WGUSA,76500.0,4500000.0,2013
white elephant,Strand,8900.0,4400000.0,2013
you will be my son,Cohen,285000.0,3600000.0,2013
pieta,Drft.,22100.0,3600000.0,2013
mental,Da.,17700.0,3600000.0,2013
the todo list,CBS,3500000.0,74600.0,2013
mr nobody,Magn.,3600.0,3500000.0,2013
capital,Cohen,102000.0,2400000.0,2013
the east,FoxS,2300000.0,99700.0,2013
reality 2013,Osci.,72600.0,2200000.0,2013
the sorcerer and the white snake,Magn.,18800.0,2100000.0,2013
starbuck us only,E1,340000.0,1300000.0,2013
therese,MPI,102000.0,1500000.0,2013
lovelace,RTWC,357000.0,1200000.0,2013
violeta went to heaven,KL,21500.0,1200000.0,2013
the wall 2013,MBox,38700.0,1100000.0,2013
aint them bodies saints,IFC,397000.0,635000.0,2013
the monk,ATO,13500.0,794000.0,2013
salinger,Wein.,584000.0,67000.0,2013
you aint seen nothin yet,KL,18900.0,488000.0,2013
shadow dancer,Magn.,101000.0,319000.0,2013
tai chi hero,WGUSA,35100.0,347000.0,2013
a bottle in the gaza sea,FM,5900.0,306000.0,2013
the silence,MBox,100000.0,132000.0,2013
transformers age of extinction,Par.,245400000.0,858600000.0,2014
the hobbit the battle of the five armies,WB (NL),255100000.0,700900000.0,2014
guardians of the galaxy,BV,333200000.0,440200000.0,2014
maleficent,BV,241400000.0,517100000.0,2014
the hunger games mockingjay part 1,LGF,337100000.0,418200000.0,2014
xmen days of future past,Fox,233900000.0,513900000.0,2014
captain america the winter soldier,BV,259800000.0,454500000.0,2014
dawn of the planet of the apes,Fox,208500000.0,502100000.0,2014
the amazing spiderman 2,Sony,202900000.0,506100000.0,2014
interstellar,Par.,188000000.0,489400000.0,2014
big hero 6,BV,222500000.0,435300000.0,2014
how to train your dragon 2,Fox,177000000.0,444500000.0,2014
american sniper,WB,350100000.0,197300000.0,2014
godzilla 2014,WB,200700000.0,328400000.0,2014
rio 2,Fox,131500000.0,368600000.0,2014
teenage mutant ninja turtles 2014,Par.,191200000.0,302100000.0,2014
the lego movie,WB,257800000.0,211400000.0,2014
lucy,Uni.,126700000.0,336700000.0,2014
penguins of madagascar,Fox,83400000.0,289700000.0,2014
edge of tomorrow,WB,100200000.0,270300000.0,2014
gone girl,Fox,167800000.0,201600000.0,2014
night at the museum secret of the tomb,Fox,113700000.0,249500000.0,2014
noah,Par.,101200000.0,261399999.0,2014
the maze runner,Fox,102400000.0,245900000.0,2014
300 rise of an empire,WB,106600000.0,231000000.0,2014
22 jump street,Sony,191700000.0,139600000.0,2014
the fault in our stars,Fox,124900000.0,182300000.0,2014
divergent,LG/S,150900000.0,137900000.0,2014
mr peabody sherman,Fox,111500000.0,164200000.0,2014
neighbors,Uni.,150200000.0,120500000.0,2014
exodus gods and kings,Fox,65000000.0,203200000.0,2014
annabelle,WB (NL),84300000.0,172800000.0,2014
hercules 2014,Par.,72700000.0,172100000.0,2014
robocop 2014,Sony,58600000.0,184100000.0,2014
the imitation game,Wein.,91100000.0,142400000.0,2014
nonstop,Uni.,92200000.0,130600000.0,2014
dracula untold,Uni.,56300000.0,160800000.0,2014
the expendables 3,LGF,39300000.0,175300000.0,2014
into the woods,BV,128000000.0,85100000.0,2014
fury 2014,Sony,85800000.0,126000000.0,2014
journey to the west,Magn.,18100.0,205600000.0,2014
need for speed,BV,43600000.0,159700000.0,2014
the other woman 2014,Fox,83900000.0,112800000.0,2014
the equalizer,Sony,101500000.0,90800000.0,2014
breakup buddies,CL,778000.0,188200000.0,2014
the grand budapest hotel,FoxS,59300000.0,115500000.0,2014
dumb and dumber to,Uni.,86200000.0,83600000.0,2014
unbroken,Uni.,115600000.0,47800000.0,2014
into the storm,WB (NL),47600000.0,114100000.0,2014
the monuments men,Sony,78000000.0,77000000.0,2014
ride along,Uni.,134900000.0,19500000.0,2014
planes fire rescue,BV,59200000.0,92200000.0,2014
lets be cops,Fox,82400000.0,55800000.0,2014
jack ryan shadow recruit,Par.,50600000.0,84900000.0,2014
annie 2014,Sony,85900000.0,47900000.0,2014
blended,WB,46300000.0,81700000.0,2014
sex tape,Sony,38500000.0,87500000.0,2014
the theory of everything,Focus,35900000.0,87800000.0,2014
the nut job,ORF,64300000.0,56600000.0,2014
the wind rises,BV,5200000.0,112700000.0,2014
pompeii,TriS,23200000.0,94600000.0,2014
the admiral roaring currents,CJ,2600000.0,109600000.0,2014
the purge anarchy,Uni.,72000000.0,40000000.0,2014
the boxtrolls,Focus,50800000.0,58400000.0,2014
horrible bosses 2,WB,54400000.0,53200000.0,2014
ouija,Uni.,50900000.0,52700000.0,2014
birdman,FoxS,42300000.0,60900000.0,2014
transcendence,WB,23000000.0,80000000.0,2014
alexander and the terrible horrible no good very bad day,BV,67000000.0,34400000.0,2014
heaven is for real,TriS,91400000.0,9900000.0,2014
tammy,WB (NL),84500000.0,16000000.0,2014
pk,UTV,10600000.0,89800000.0,2014
the book of life 2014,Fox,50200000.0,49600000.0,2014
paranormal activity the marked ones,Par.,32500000.0,58400000.0,2014
the hundredfoot journey,BV,54200000.0,34600000.0,2014
john wick,LG/S,43000000.0,45700000.0,2014
deliver us from evil,SGem,30600000.0,57400000.0,2014
a million ways to die in the west,Uni.,43100000.0,44100000.0,2014
snowpiercer,RTWC,4600000.0,82200000.0,2014
step up all in,LG/S,14900000.0,71300000.0,2014
the judge,WB,47100000.0,37300000.0,2014
muppets most wanted,BV,51200000.0,29200000.0,2014
if i stay,WB (NL),50500000.0,28400000.0,2014
i frankenstein,LGF,19100000.0,52100000.0,2014
the attorney,WGUSA,557000.0,70000000.0,2014
think like a man too,SGem,65200000.0,5000000.0,2014
brick mansions,Rela.,20400000.0,48500000.0,2014
stalingrad 2014,Sony,1000000.0,67099999.0,2014
son of god,Fox,59700000.0,8100000.0,2014
jersey boys,WB,47000000.0,20600000.0,2014
the giver,Wein.,45100000.0,21900000.0,2014
selma,Par.,52100000.0,14700000.0,2014
gods not dead,Free,60800000.0,3900000.0,2014
thunder and the house of magic,Shout!,4100.0,64200000.0,2014
begin again,Wein.,16200000.0,47300000.0,2014
the legend of hercules,LG/S,18800000.0,42400000.0,2014
evangelion 30 you can not redo,Elev.,175000.0,60300000.0,2014
dolphin tale 2,WB,42000000.0,15800000.0,2014
st vincent,Wein.,44100000.0,10700000.0,2014
no good deed 2014,SGem,52500000.0,1800000.0,2014
a walk among the tombstones,Uni.,26300000.0,26900000.0,2014
3 days to kill,Rela.,30700000.0,21900000.0,2014
wild 2014,FoxS,37900000.0,14600000.0,2014
magic in the moonlight,SPC,10500000.0,40500000.0,2014
dragon ball z battle of gods,SV,2600000.0,47800000.0,2014
about last night 2014,SGem,48600000.0,365000.0,2014
whiplash,SPC,13100000.0,35900000.0,2014
chef,ORF,31400000.0,14500000.0,2014
earth to echo,Rela.,38900000.0,6400000.0,2014
boyhood,IFC,25400000.0,19100000.0,2014
oculus,Rela.,27700000.0,16300000.0,2014
bang bang,FIP,2500000.0,39500000.0,2014
as aboveso below,Uni.,21300000.0,20600000.0,2014
this is where i leave you,WB,34300000.0,7000000.0,2014
that awkward moment,Focus,26100000.0,14400000.0,2014
frank millers sin city a dame to kill for,W/Dim.,13800000.0,25600000.0,2014
the gambler,Par.,33700000.0,5600000.0,2014
million dollar arm,BV,36500000.0,2800000.0,2014
nightcrawler,ORF,32400000.0,6300000.0,2014
devils due,Fox,15800000.0,21100000.0,2014
a most wanted man,RAtt.,17200000.0,19000000.0,2014
the best of me,Rela.,26800000.0,9200000.0,2014
endless love 2014,Uni.,23400000.0,11300000.0,2014
get on up,Uni.,30700000.0,2700000.0,2014
the november man,Rela.,25000000.0,7500000.0,2014
the pirates,WGUSA,416000.0,32100000.0,2014
winters tale,WB,12600000.0,18500000.0,2014
draft day,LG/S,28800000.0,620000.0,2014
big eyes,Wein.,14500000.0,14800000.0,2014
the divine move,CJ,137000.0,27800000.0,2014
top five,Par.,25300000.0,800000.0,2014
iceman 2014,WGUSA,7700.0,26000000.0,2014
and so it goes,CE,15200000.0,10200000.0,2014
on the other side of the tracks,Wein.,9600.0,25100000.0,2014
the players,Wein.,10900.0,24600000.0,2014
the tale of the princess kaguya,GK,703000.0,23500000.0,2014
a haunted house 2,ORF,17300000.0,6600000.0,2014
the railway man,Wein.,4400000.0,17900000.0,2014
mr turner,SPC,4000000.0,18200000.0,2014
the suspect 2014,WGUSA,219000.0,21400000.0,2014
bears,BV,17800000.0,3500000.0,2014
yves saint laurent,Wein.,724000.0,20300000.0,2014
labor day,Par.,13400000.0,6900000.0,2014
like father like son 2014,IFC,335000.0,19600000.0,2014
left behind 2014,Free,14000000.0,5700000.0,2014
legends of oz dorothys return,CE,8500000.0,10200000.0,2014
the drop,FoxS,10700000.0,7900000.0,2014
the quiet ones,LGF,8500000.0,9300000.0,2014
sabotage 2014,ORF,10500000.0,7000000.0,2014
road to ninja naruto the movie,Elev.,43200.0,17300000.0,2014
calvary,FoxS,3600000.0,13300000.0,2014
the pyramid,Fox,2800000.0,14100000.0,2014
tyler perrys the single moms club,LGF,16000000.0,364000.0,2014
beyond outrage,Magn.,3900.0,16200000.0,2014
before i go to sleep,CE,3200000.0,12200000.0,2014
vampire academy,Wein.,7800000.0,7600000.0,2014
inherent vice,WB,8100000.0,6600000.0,2014
island of lemurs madagascar imax,WB,11300000.0,2800000.0,2014
the two faces of january,Magn.,507000.0,13000000.0,2014
fading gigolo,MNE,3800000.0,9600000.0,2014
a most violent year,A24,5700000.0,6300000.0,2014
the interview 2014,Sony,6100000.0,5200000.0,2014
one chance,Wein.,101000.0,10800000.0,2014
bicycling with moliere,Strand,59900.0,10700000.0,2014
wetlands,Strand,59500.0,10500000.0,2014
the babadook,IFC,964000.0,9300000.0,2014
nymphomaniac volume i,Magn.,786000.0,9500000.0,2014
gladiators of rome,VPD,8200.0,10100000.0,2014
mood indigo,Drft.,303000.0,9500000.0,2014
alan partridge the movie,Magn.,153000.0,9600000.0,2014
venus in fur,IFC,374000.0,8000000.0,2014
filth,Magn.,34400.0,8300000.0,2014
what if 2014,CBS,3500000.0,4400000.0,2014
finding fanny,FIP,616000.0,7100000.0,2014
pride 2014,CBS,1400000.0,6100000.0,2014
chinese puzzle,Cohen,339000.0,7100000.0,2014
a long way down,Magn.,13300.0,7200000.0,2014
two days one night,IFC,1400000.0,5400000.0,2014
a letter to momo,GK,71700.0,6700000.0,2014
le chef,Cohen,343000.0,5900000.0,2014
mas negro que la noche,LGF,870000.0,5200000.0,2014
french gigolo cliente,IFC,3000.0,6000000.0,2014
the trip to italy,IFC,2900000.0,3000000.0,2014
the immigrant,Wein.,2000000.0,3800000.0,2014
wish i was here,Focus,3600000.0,1900000.0,2014
under the skin 2014,A24,2600000.0,2800000.0,2014
the french minister,IFC,12000.0,5100000.0,2014
ernest celestine,GK,262000.0,4800000.0,2014
tracks 2014,Wein.,510000.0,4400000.0,2014
the love punch,KE,267000.0,4500000.0,2014
diplomacy,Zeit.,231000.0,3700000.0,2014
horns,RTWC,174000.0,3700000.0,2014
ragnarok,Magn.,1400.0,3700000.0,2014
veronica mars,WB,3300000.0,195000.0,2014
enemy,A24,1000000.0,2400000.0,2014
words and pictures,RAtt.,2200000.0,1200000.0,2014
the protector 2,Magn.,2500.0,3300000.0,2014
the rover,A24,1100000.0,2100000.0,2014
the mystery of happiness,Strand,8500.0,3200000.0,2014
the german doctor,Gold.,418000.0,2600000.0,2014
citizenfour,RTWC,2800000.0,202000.0,2014
a coffee in berlin,MBox,150000.0,2600000.0,2014
living is easy with eyes closed,Outs,11600.0,2600000.0,2014
a five star life,MBox,307000.0,2200000.0,2014
blood ties 2014,RAtt.,42500.0,2400000.0,2014
the guest 2014,PH,333000.0,2000000.0,2014
life of riley,KL,11600.0,2300000.0,2014
marius,KL,9800.0,2200000.0,2014
men women children,Par.,706000.0,1500000.0,2014
nymphomaniac volume ii,Magn.,327000.0,1900000.0,2014
20000 days on earth,Drft.,280000.0,1800000.0,2014
make your move,HTR,125000.0,1300000.0,2014
bright days ahead,Trib.,21800.0,1400000.0,2014
postman pat the movie,Shout!,1500.0,1300000.0,2014
just a sigh,Distrib.,75500.0,1200000.0,2014
for a woman,FM,32299.0,1200000.0,2014
why dont you play in hell,Drft.,28500.0,1200000.0,2014
the way he looks,Strand,101000.0,1100000.0,2014
ilo ilo,FM,56800.0,1100000.0,2014
jackpot,DR,800.0,1100000.0,2014
borgman,Drft.,57500.0,952000.0,2014
the disappearance of eleanor rigby,Wein.,588000.0,397000.0,2014
age of uprising the legend of michael kohlhaas us only,MBox,3300.0,797000.0,2014
the zero theorem,Ampl.,258000.0,513000.0,2014
archipelago,KL,7800.0,492000.0,2014
the congress,Drft.,138000.0,318000.0,2014
bjork biophilia live,CP,128000.0,306000.0,2014
the last sentence,MBox,62500.0,265000.0,2014
7 boxes,BGP,38100.0,267000.0,2014
gabrielle 2014,EOne,5500.0,222000.0,2014
unrelated,KL,4500.0,154000.0,2014
may in the summer,Cohen,22000.0,112000.0,2014
lifes a breeze,Magn.,3500.0,99700.0,2014
policeman,Crnth,11300.0,27000.0,2014
star wars the force awakens,BV,936700000.0,11316.0,2015
jurassic world,Uni.,652300000.0,10194.0,2015
furious 7,Uni.,353000000.0,11630.0,2015
avengers age of ultron,BV,459000000.0,946400000.0,2015
minions,Uni.,336000000.0,823400000.0,2015
spectre,Sony,200100000.0,680600000.0,2015
inside out,BV,356500000.0,501100000.0,2015
mission impossible rogue nation,Par.,195000000.0,487700000.0,2015
the hunger games mockingjay part 2,LGF,281700000.0,371700000.0,2015
the martian,Fox,228400000.0,401700000.0,2015
fifty shades of grey,Uni.,166200000.0,404800000.0,2015
cinderella 2015,BV,201200000.0,342400000.0,2015
the revenant,Fox,183600000.0,349300000.0,2015
antman,BV,180200000.0,339100000.0,2015
hotel transylvania 2,Sony,169700000.0,305100000.0,2015
san andreas,WB (NL),155200000.0,318800000.0,2015
terminator genisys,Par.,89800000.0,350800000.0,2015
kingsman the secret service,Fox,128300000.0,286100000.0,2015
home 2015,Fox,177400000.0,208600000.0,2015
mad max fury road,WB,153600000.0,224800000.0,2015
the good dinosaur,BV,123100000.0,209100000.0,2015
taken 3,Fox,89300000.0,237200000.0,2015
the spongebob movie sponge out of water,Par.,163000000.0,162200000.0,2015
maze runner the scorch trials,Fox,81700000.0,230600000.0,2015
the divergent series insurgent,LG/S,130199999.0,167100000.0,2015
pitch perfect 2,Uni.,184300000.0,103200000.0,2015
paddington,W/Dim.,76300000.0,191800000.0,2015
mojin the lost legend,WGUSA,1200000.0,258100000.0,2015
lost in hong kong,WGUSA,1300000.0,255000000.0,2015
the peanuts movie,Fox,130199999.0,116100000.0,2015
pixels,Sony,78700000.0,166100000.0,2015
daddys home,Par.,150400000.0,92400000.0,2015
spy,Fox,110800000.0,124800000.0,2015
alvin and the chipmunks the road chip,Fox,85900000.0,148900000.0,2015
goodbye mr loser,CL,1300000.0,226800000.0,2015
ted 2,Uni.,81500000.0,135200000.0,2015
tomorrowland,BV,93400000.0,115700000.0,2015
everest 2015,Uni.,43500000.0,159900000.0,2015
straight outta compton,Uni.,161200000.0,40400000.0,2015
the intern,WB,75800000.0,118800000.0,2015
jupiter ascending,WB,47400000.0,136600000.0,2015
creed,WB (NL),109800000.0,63800000.0,2015
fantastic four,Fox,56100000.0,111900000.0,2015
bridge of spies,BV,72300000.0,93200000.0,2015
focus 2015,WB,53900000.0,105200000.0,2015
the hateful eight,Wein.,54100000.0,101600000.0,2015
goosebumps,Sony,80100000.0,70100000.0,2015
the last witch hunter,LG/S,27400000.0,119600000.0,2015
the taking of tiger mountain,WGUSA,229000.0,141400000.0,2015
trainwreck,Uni.,110200000.0,30600000.0,2015
mr six,CL,1400000.0,137800000.0,2015
point break 2015,WB,28800000.0,104900000.0,2015
the big short,Par.,70300000.0,63200000.0,2015
pan,WB,35100000.0,93300000.0,2015
wolf totem,Sony,211000.0,125600000.0,2015
magic mike xxl,WB,66000000.0,56500000.0,2015
dragon blade,LGP,74100.0,121500000.0,2015
seventh son,Uni.,17200000.0,97000000.0,2015
insidious chapter 3,Focus,52200000.0,60800000.0,2015
get hard,WB,90400000.0,21400000.0,2015
the man from uncle,WB,45400000.0,64400000.0,2015
paul blart mall cop 2,Sony,71000000.0,36600000.0,2015
shaun the sheep movie,LGF,19400000.0,86800000.0,2015
sisters,Uni.,87000000.0,18000000.0,2015
vacation,WB (NL),58900000.0,46000000.0,2015
chappie,Sony,31600000.0,70500000.0,2015
joy,Fox,56500000.0,44700000.0,2015
black mass,WB,62600000.0,37200000.0,2015
devil and angel e gun tian shi,CL,131000.0,98500000.0,2015
the visit,Uni.,65200000.0,33200000.0,2015
spotlight,ORF,45100000.0,53200000.0,2015
poltergeist 2015,Fox,47400000.0,48000000.0,2015
in the heart of the sea,WB,25000000.0,68900000.0,2015
southpaw,Wein.,52400000.0,39500000.0,2015
the second best exotic marigold hotel,FoxS,33100000.0,52900000.0,2015
paper towns,Fox,32000000.0,53500000.0,2015
sicario,LGF,46900000.0,38000000.0,2015
hitman agent 47,Fox,22500000.0,59900000.0,2015
the wedding ringer,SGem,64500000.0,15300000.0,2015
paranormal activity the ghost dimension,Par.,18300000.0,60600000.0,2015
crimson peak,Uni.,31100000.0,43600000.0,2015
the transporter refueled,EC,16000000.0,56600000.0,2015
run all night,WB,26500000.0,45200000.0,2015
the age of adaline,LGF,42600000.0,23000000.0,2015
the danish girl,Focus,11100000.0,53100000.0,2015
unfriended,Uni.,32500000.0,31600000.0,2015
the longest ride,Fox,37400000.0,25500000.0,2015
brooklyn,FoxS,38300000.0,23800000.0,2015
dragon ball z resurrection f,FUN,8000000.0,53800000.0,2015
woman in gold,Wein.,33299999.0,28300000.0,2015
krampus,Uni.,42700000.0,18800000.0,2015
the walk,TriS,10100000.0,51000000.0,2015
the perfect guy,SGem,57000000.0,3200000.0,2015
the gift 2015,STX,43800000.0,15200000.0,2015
no escape,Wein.,27300000.0,27100000.0,2015
sinister 2,Focus,27700000.0,25100000.0,2015
prem ratan dhan payo,FIP,4400000.0,48200000.0,2015
the boy next door,Uni.,35400000.0,17000000.0,2015
the night before,Sony,43000000.0,9300000.0,2015
hot pursuit,WB (NL),34600000.0,17100000.0,2015
the 100year old man who climbed out the window and disappeared,MBox,944000.0,50200000.0,2015
the himalayas,CJ,697000.0,49800000.0,2015
entourage,WB,32400000.0,16900000.0,2015
the woman in black 2 angel of death,Rela.,26500000.0,22400000.0,2015
concussion 2015,Sony,34500000.0,14100000.0,2015
mortdecai,LGF,7700000.0,39600000.0,2015
coming home 2015,SPC,378000.0,46400000.0,2015
mcfarland usa,BV,44500000.0,1200000.0,2015
max 2015,WB,42700000.0,1300000.0,2015
still alice,SPC,18800000.0,25100000.0,2015
the duff,LGF,34000000.0,9500000.0,2015
legend,Uni.,1900000.0,41100000.0,2015
the gallows,WB (NL),22800000.0,20200000.0,2015
love the coopers,LGF,26300000.0,16100000.0,2015
the lady in the van,SPC,10000000.0,31400000.0,2015
ricki and the flash,TriS,26800000.0,14500000.0,2015
carol,Wein.,12700000.0,27600000.0,2015
the lazarus effect,Rela.,25800000.0,12600000.0,2015
the water diviner,WB,4200000.0,34000000.0,2015
a walk in the woods,BG,29500000.0,8000000.0,2015
ex machina,A24,25400000.0,11400000.0,2015
burnt,Wein.,13700000.0,23000000.0,2015
room,A24,14700000.0,20700000.0,2015
the secret in their eyes 2015,STX,20200000.0,14700000.0,2015
steve jobs,Uni.,17800000.0,16700000.0,2015
victor frankenstein,Fox,5800000.0,28500000.0,2015
project almanac,Par.,22300000.0,10900000.0,2015
selfless,Focus,12300000.0,18200000.0,2015
far from the madding crowd,FoxS,12200000.0,18000000.0,2015
mr holmes,RAtt.,17700000.0,11600000.0,2015
love mercy,RAtt.,12600000.0,16100000.0,2015
irrational man,SPC,4000000.0,23400000.0,2015
american ultra,LGF,14400000.0,12700000.0,2015
wild tales,SPC,3100000.0,23900000.0,2015
aloha,Sony,21100000.0,5200000.0,2015
love rosie,TFA,20400.0,25600000.0,2015
the 33,WB,12200000.0,12700000.0,2015
capture the flag,Par.,6700.0,24600000.0,2015
the gunman,ORF,10700000.0,13500000.0,2015
go away mr tumor,CL,287000.0,21500000.0,2015
blackhat,Uni.,8000000.0,11600000.0,2015
dope,ORF,17500000.0,480000.0,2015
brothers blood against blood,FIP,614000.0,17200000.0,2015
while were young,A24,7600000.0,9700000.0,2015
monkey kingdom,BV,16399999.0,711000.0,2015
macbeth 2015,Wein.,1100000.0,15200000.0,2015
scouts guide to the zombie apocalypse,Par.,3700000.0,12400000.0,2015
suffragette,Focus,4700000.0,11300000.0,2015
unfinished business,Fox,10200000.0,4200000.0,2015
do you believe,PFR,13000000.0,1400000.0,2015
strange magic,BV,12400000.0,1200000.0,2015
hot tub time machine 2,Par.,12300000.0,767000.0,2015
child 44,LG/S,1200000.0,11700000.0,2015
we are your friends,WB,3600000.0,7500000.0,2015
danny collins,BST,5600000.0,5200000.0,2015
kung fu killer,WGUSA,130000.0,10000000.0,2015
a little chaos,FCW,558000.0,9500000.0,2015
the loft,ORF,6000000.0,4099999.0,2015
the young prodigious ts spivet,Wein.,174000.0,9300000.0,2015
shanghai,Wein.,46400.0,9200000.0,2015
me and earl and the dying girl,FoxS,6800000.0,2300000.0,2015
shaandaar,FIP,522000.0,7800000.0,2015
trumbo 2015,BST,7900000.0,378000.0,2015
grandma 2015,SPC,7000000.0,107000.0,2015
what we do in the shadows,U/P,3500000.0,2800000.0,2015
anomalisa,Par.,3800000.0,1900000.0,2015
pawn sacrifice,BST,2400000.0,3100000.0,2015
serena,Magn.,176000.0,4900000.0,2015
mr x,FIP,45000.0,5000000.0,2015
back to the future day,UHE,1700000.0,3200000.0,2015
trash,FCW,17500.0,4800000.0,2015
buen dia ramon,FIP,154000.0,4500000.0,2015
hamari adhuri kahani,FIP,235000.0,4200000.0,2015
escobar paradise lost,RTWC,196000.0,3600000.0,2015
by the sea,Uni.,538000.0,2800000.0,2015
sleeping with other people,IFC,819000.0,2400000.0,2015
jimmys hall,SPC,561000.0,2600000.0,2015
remember canada release,EOne,547000.0,2500000.0,2015
captive 2015,Par.,2600000.0,218000.0,2015
he named me malala,FoxS,2700000.0,97100.0,2015
jem and the holograms,Uni.,2200000.0,149000.0,2015
beloved sisters,MBox,54000.0,2200000.0,2015
the riot club,IFC,7700.0,2100000.0,2015
janis little girl blue,FR,410000.0,1200000.0,2015
71,RAtt.,1300000.0,355000.0,2015
maps to the stars,FCW,351000.0,988000.0,2015
cartel land,Orch.,704000.0,422000.0,2015
the d train,IFC,673000.0,102000.0,2015
black panthers vanguard of the revolution,PBS,517000.0,67200.0,2015
love thy nature,ITL,41100.0,11800.0,2015
captain america civil war,BV,408100000.0,745200000.0,2016
rogue one a star wars story,BV,532200000.0,523900000.0,2016
finding dory,BV,486300000.0,542300000.0,2016
zootopia,BV,341300000.0,682500000.0,2016
the jungle book 2016,BV,364000000.0,602500000.0,2016
the secret life of pets,Uni.,368400000.0,507100000.0,2016
batman v superman dawn of justice,WB,330400000.0,543300000.0,2016
fantastic beasts and where to find them,WB,234000000.0,580000000.0,2016
deadpool,Fox,363100000.0,420000000.0,2016
suicide squad,WB,325100000.0,421700000.0,2016
doctor strange,BV,232600000.0,445100000.0,2016
moana,BV,248800000.0,394600000.0,2016
sing,Uni.,270400000.0,363800000.0,2016
the mermaid mei ren yu,Sony,3200000.0,550600000.0,2016
xmen apocalypse,Fox,155400000.0,388500000.0,2016
kung fu panda 3,Fox,143500000.0,377600000.0,2016
la la land,LG/S,151100000.0,295000000.0,2016
warcraft,Uni.,47400000.0,386300000.0,2016
jason bourne,Uni.,162400000.0,253100000.0,2016
ice age collision course,Fox,64099999.0,344500000.0,2016
independence day resurgence,Fox,103100000.0,286500000.0,2016
monster hunt,FR,32800.0,385300000.0,2016
the legend of tarzan,WB,126600000.0,230100000.0,2016
the angry birds movie,Sony,107500000.0,244800000.0,2016
trolls,Fox,153700000.0,193200000.0,2016
star trek beyond,Par.,158800000.0,184600000.0,2016
now you see me 2,LG/S,65099999.0,269800000.0,2016
the conjuring 2,WB (NL),102500000.0,217900000.0,2016
passengers 2016,Sony,100000000.0,203100000.0,2016
dangal,UTV,12400000.0,290500000.0,2016
alice through the looking glass,BV,77000000.0,222400000.0,2016
miss peregrines home for peculiar children,Fox,87200000.0,209200000.0,2016
teenage mutant ninja turtles out of the shadows,Par.,82100000.0,163600000.0,2016
assassins creed,Fox,54600000.0,186300000.0,2016
sully,WB,125100000.0,115700000.0,2016
hidden figures,Fox,169600000.0,66300000.0,2016
ghostbusters 2016,Sony,128400000.0,100800000.0,2016
inferno,Sony,34300000.0,185700000.0,2016
central intelligence,WB (NL),127400000.0,89500000.0,2016
bridget joness baby,Uni.,24300000.0,187700000.0,2016
me before you,WB (NL),56200000.0,152100000.0,2016
london has fallen,Focus,62500000.0,143200000.0,2016
arrival,Par.,100500000.0,102800000.0,2016
the monkey king 2 in 3d,CL,710000.0,193000000.0,2016
bad moms,STX,113300000.0,70700000.0,2016
storks,WB,72700000.0,110700000.0,2016
the bfg,BV,55500000.0,127900000.0,2016
the divergent series allegiant,LG/S,66200000.0,113100000.0,2016
hacksaw ridge,LGF,67200000.0,108100000.0,2016
the girl on the train 2016,Uni.,75400000.0,97800000.0,2016
operation mekong,WGUSA,800000.0,172300000.0,2016
the huntsman winters war,Uni.,48400000.0,116600000.0,2016
the magnificent seven 2016,Sony,93400000.0,68900000.0,2016
jack reacher never go back,Par.,58700000.0,103400000.0,2016
dont breathe,SGem,89200000.0,67900000.0,2016
ip man 3,WGUSA,2700000.0,154200000.0,2016
the accountant,WB,86300000.0,68900000.0,2016
gods of egypt,LG/S,31200000.0,119500000.0,2016
lights out,WB (NL),67300000.0,81600000.0,2016
petes dragon 2016,BV,76200000.0,67500000.0,2016
sausage party,Sony,97700000.0,43000000.0,2016
lion,Wein.,51700000.0,88600000.0,2016
detective chinatown tang ren jie tan an,CL,474000.0,125400000.0,2016
mechanic resurrection,LG/S,21200000.0,104500000.0,2016
ride along 2,Uni.,91200000.0,33400000.0,2016
deepwater horizon,LG/S,61400000.0,60400000.0,2016
allied,Par.,40100000.0,79400000.0,2016
the shallows,Sony,55100000.0,64000000.0,2016
the purge election year,Uni.,79200000.0,39400000.0,2016
why him,Fox,60300000.0,57800000.0,2016
office christmas party,Par.,54800000.0,59700000.0,2016
how to be single,WB (NL),46800000.0,65500000.0,2016
10 cloverfield lane,Par.,72100000.0,38100000.0,2016
the 5th wave,Sony,34900000.0,75000000.0,2016
neighbors 2 sorority rising,Uni.,55500000.0,52600000.0,2016
cold war 2,WGUSA,561000.0,102600000.0,2016
the little prince,EOne,1300000.0,96200000.0,2016
dirty grandpa,LGF,35600000.0,58500000.0,2016
benhur 2016,Par.,26400000.0,67700000.0,2016
money monster,TriS,41000000.0,52300000.0,2016
my big fat greek wedding 2,Uni.,59700000.0,29200000.0,2016
collateral beauty,WB (NL),31000000.0,57500000.0,2016
train to busan,WGUSA,2100000.0,85400000.0,2016
sultan,Yash,6200000.0,81100000.0,2016
war dogs,WB,43000000.0,43200000.0,2016
nerve,LGF,38600000.0,46700000.0,2016
ouija origin of evil,Uni.,35100000.0,46600000.0,2016
manchester by the sea,RAtt.,47700000.0,31300000.0,2016
the boss,Uni.,63300000.0,15600000.0,2016
shin godzilla,FUN,1900000.0,76000000.0,2016
mike and dave need wedding dates,Fox,46000000.0,31100000.0,2016
boo a madea halloween,LGF,73200000.0,1600000.0,2016
miracles from heaven,TriS,61700000.0,12200000.0,2016
i am not madame bovary,WGUSA,437000.0,70400000.0,2016
kubo and the two strings,Focus,48000000.0,21900000.0,2016
13 hours the secret soldiers of benghazi,Par.,52900000.0,16600000.0,2016
moonlight 2016,A24,27900000.0,37200000.0,2016
fences,Par.,57700000.0,6700000.0,2016
the boy 2016,STX,35800000.0,28400000.0,2016
hail caesar,Uni.,30500000.0,33100000.0,2016
the nice guys,WB,36300000.0,26500000.0,2016
lord legend of ravaging dynasties,AR,350000.0,57700000.0,2016
nine lives 2016,EC,19700000.0,38100000.0,2016
zoolander 2,Par.,28800000.0,27900000.0,2016
barbershop the next cut,WB (NL),54000000.0,1000000.0,2016
the finest hours,BV,27600000.0,24500000.0,2016
master,CJ,597000.0,51000000.0,2016
patriots day,LGF,31900000.0,18700000.0,2016
florence foster jenkins,Par.,27400000.0,21500000.0,2016
mothers day,ORF,32500000.0,15900000.0,2016
luckkey,JBG,467000.0,47700000.0,2016
yokai watch the movie,Elev.,257000.0,47600000.0,2016
a monster calls,Focus,3700000.0,43600000.0,2016
eddie the eagle,Fox,15800000.0,30400000.0,2016
risen,Sony,36900000.0,9200000.0,2016
blair witch,LGF,20800000.0,24400000.0,2016
cafe society,LGF,11100000.0,32700000.0,2016
almost christmas,Uni.,42200000.0,422000.0,2016
the witch,A24,25100000.0,15300000.0,2016
the wild life 2016,LG/S,8000000.0,31500000.0,2016
criminal 2016,LG/S,14700000.0,24100000.0,2016
absolutely fabulous the movie,FoxS,4800000.0,33100000.0,2016
hell or high water,LGF,27000000.0,10900000.0,2016
the forest,Focus,26600000.0,11000000.0,2016
snowden,ORF,21600000.0,15700000.0,2016
billy lynns long halftime walk,TriS,1700000.0,29200000.0,2016
when the bough breaks,SGem,29700000.0,911000.0,2016
nocturnal animals,Focus,10700000.0,19600000.0,2016
keeping up with the joneses,Fox,14900000.0,15000000.0,2016
ae dil hai mushkil,FIP,4300000.0,24100000.0,2016
fan,Yash,2300000.0,25900000.0,2016
ms dhoni the untold story,FIP,1800000.0,26000000.0,2016
the light between oceans,BV,12500000.0,13400000.0,2016
the brothers grimsby,Sony,6900000.0,18300000.0,2016
race 2016,Focus,19200000.0,5900000.0,2016
free state of jones,STX,20800000.0,4200000.0,2016
a beautiful planet,Imax,15500000.0,9400000.0,2016
gods not dead 2,PFR,20800000.0,3700000.0,2016
silence 2016,Par.,7100000.0,16600000.0,2016
middle school the worst years of my life,LGF,20000000.0,3300000.0,2016
triple 9,ORF,12600000.0,10500000.0,2016
captain fantastic,BST,5900000.0,16900000.0,2016
live by night,WB,10400000.0,12300000.0,2016
julieta,SPC,1500000.0,21000000.0,2016
fifty shades of black,ORF,11700000.0,10500000.0,2016
el clan,FIP,201000.0,20200000.0,2016
the edge of seventeen,STX,14400000.0,4400000.0,2016
regression,W/Dim.,55000.0,17600000.0,2016
neerja,FIP,1600000.0,16000000.0,2016
hardcore henry,STX,9300000.0,7600000.0,2016
pride and prejudice and zombies,SGem,10900000.0,5500000.0,2016
kapoor sons since 1921,FIP,2600000.0,12800000.0,2016
the take 2016,HTR,50300.0,14800000.0,2016
sword master,WGUSA,75500.0,14600000.0,2016
the other side of the door,Fox,3000000.0,11300000.0,2016
sing street,Wein.,3200000.0,10400000.0,2016
shut in,EC,6900000.0,6200000.0,2016
loving,Focus,7800000.0,5200000.0,2016
the beatles eight days a week the touring years,Abr.,2900000.0,9400000.0,2016
the man who knew infinity,IFC,3900000.0,8400000.0,2016
our kind of traitor,RAtt.,3200000.0,7600000.0,2016
the perfect match,LGF,9700000.0,745000.0,2016
queen of katwe,BV,8900000.0,1500000.0,2016
miss sloane,EC,3500000.0,5600000.0,2016
morgan,Fox,3900000.0,4900000.0,2016
my king mon roi,FM,54100.0,7900000.0,2016
pele birth of a legend,IFC,57000.0,7800000.0,2016
a bigger splash,FoxS,2000000.0,5500000.0,2016
southside with you,RAtt.,6300000.0,208000.0,2016
incarnate,BH Tilt,4800000.0,1500000.0,2016
max steel,ORF,3800000.0,2500000.0,2016
midnight special,WB,3700000.0,2500000.0,2016
the duelist,Sony,13500.0,6100000.0,2016
the autopsy of jane doe,IFC,10500.0,6000000.0,2016
my best friends wedding 2016,Sony,78600.0,5600000.0,2016
genius,RAtt.,1400000.0,4300000.0,2016
men chicken,Drft.,30200.0,4600000.0,2016
indignation,RAtt.,3400000.0,523000.0,2016
rules dont apply,Fox,3700000.0,233000.0,2016
naam hai akira,FIP,219000.0,3500000.0,2016
miles ahead,SPC,2600000.0,850000.0,2016
the program 2016,EOne,13100.0,3300000.0,2016
desierto,STX,2000000.0,1000000.0,2016
hillsong let hope rise,PFR,2400000.0,255000.0,2016
el jeremias,Sony,650000.0,1900000.0,2016
equals,A24,33300.0,2100000.0,2016
american honey,A24,663000.0,1200000.0,2016
a perfect day,IFC,14000.0,1700000.0,2016
rustom,Zee,1100000.0,571000.0,2016
ma ma,Osci.,47300.0,1100000.0,2016
the monster 2016,A24,12500.0,62200.0,2016
troublemakers the story of land art,FRun,29500.0,9100.0,2016
star wars the last jedi,BV,620200000.0,712400000.0,2017
beauty and the beast 2017,BV,504000000.0,759500000.0,2017
the fate of the furious,Uni.,226000000.0,10100.0,2017
despicable me 3,Uni.,264600000.0,770200000.0,2017
jumanji welcome to the jungle,Sony,404500000.0,557600000.0,2017
spiderman homecoming,Sony,334200000.0,546000000.0,2017
wolf warrior 2,HC,2700000.0,867600000.0,2017
guardians of the galaxy vol 2,BV,389800000.0,473900000.0,2017
thor ragnarok,BV,315100000.0,538900000.0,2017
wonder woman,WB,412600000.0,409300000.0,2017
coco,BV,209700000.0,597400000.0,2017
pirates of the caribbean dead men tell no tales,BV,172600000.0,622300000.0,2017
it,WB (NL),327500000.0,372900000.0,2017
justice league,WB,229000000.0,428900000.0,2017
logan 2017,Fox,226300000.0,392700000.0,2017
transformers the last knight,Par.,130199999.0,475300000.0,2017
kong skull island,WB,168100000.0,398600000.0,2017
the boss baby,Fox,175000000.0,353000000.0,2017
dunkirk,WB,188000000.0,337200000.0,2017
war for the planet of the apes,Fox,146900000.0,343800000.0,2017
the greatest showman,Fox,174300000.0,260700000.0,2017
kingsman the golden circle,Fox,100200000.0,310700000.0,2017
the mummy 2017,Uni.,80200000.0,329000000.0,2017
cars 3,BV,152900000.0,231000000.0,2017
fifty shades darker,Uni.,114600000.0,267000000.0,2017
your name,FUN,5000000.0,353000000.0,2017
murder on the orient express 2017,Fox,102800000.0,250000000.0,2017
xxx the return of xander cage,Par.,44900000.0,301200000.0,2017
the great wall,Uni.,45500000.0,289400000.0,2017
resident evil the final chapter,SGem,26800000.0,285400000.0,2017
the lego batman movie,WB,175800000.0,136200000.0,2017
annabelle creation,WB (NL),102100000.0,204400000.0,2017
wonder,LGF,132400000.0,173500000.0,2017
ferdinand,Fox,84400000.0,211700000.0,2017
split,Uni.,138300000.0,140200000.0,2017
blade runner 2049,WB,92100000.0,167200000.0,2017
get out,Uni.,176000000.0,79400000.0,2017
kung fu yoga,WGUSA,363000.0,253800000.0,2017
baahubali 2 the conclusion,GrtIndia,20200000.0,234000000.0,2017
journey to the west the demons strike back,Sony,880000.0,245700000.0,2017
alien covenant,Fox,74300000.0,166600000.0,2017
baby driver,TriS,107800000.0,119100000.0,2017
valerian and the city of a thousand planets,STX,41200000.0,184700000.0,2017
geostorm,WB,33700000.0,187900000.0,2017
the emoji movie,Sony,86100000.0,131699999.0,2017
a dogs purpose,Uni.,64500000.0,140500000.0,2017
smurfs the lost village,Sony,45000000.0,152200000.0,2017
the shape of water,FoxS,63900000.0,131400000.0,2017
pitch perfect 3,Uni.,104900000.0,80500000.0,2017
daddys home 2,Par.,104000000.0,76600000.0,2017
the post,Fox,81900000.0,97900000.0,2017
baywatch,Par.,58100000.0,119800000.0,2017
the hitmans bodyguard,LG/S,75500000.0,101100000.0,2017
john wick chapter two,LG/S,92000000.0,79500000.0,2017
ghost in the shell 2017,Par.,40600000.0,129199999.0,2017
three billboards outside ebbing missouri,FoxS,54500000.0,104700000.0,2017
duckweed,CL,472000.0,150600000.0,2017
darkest hour,Focus,56500000.0,94400000.0,2017
king arthur legend of the sword,WB,39200000.0,109500000.0,2017
the foreigner,STX,34400000.0,111000000.0,2017
power rangers 2017,LGF,85400000.0,57000000.0,2017
girls trip,Uni.,115200000.0,25400000.0,2017
american made,Uni.,51300000.0,83500000.0,2017
a bad moms christmas,STX,72100000.0,58400000.0,2017
captain underpants the first epic movie,Fox,73900000.0,51600000.0,2017
happy death day,Uni.,55700000.0,69800000.0,2017
the lego ninjago movie,WB,59300000.0,63800000.0,2017
the dark tower,Sony,50700000.0,62500000.0,2017
buddies in india,CL,293000.0,109300000.0,2017
leap,Wein.,21900000.0,81400000.0,2017
jigsaw,LGF,38100000.0,64900000.0,2017
railroad tigers,WGUSA,218000.0,102000000.0,2017
life 2017,Sony,30200000.0,70300000.0,2017
atomic blonde,Focus,51700000.0,48300000.0,2017
the shack,LG/S,57400000.0,39600000.0,2017
some like it hot qing shung,CL,100000.0,95600000.0,2017
tiger zinda hai,Yash,5600000.0,81800000.0,2017
going in style 2017,WB (NL),45000000.0,39900000.0,2017
rings,Par.,27800000.0,55300000.0,2017
a taxi driver,WGUSA,1500000.0,80100000.0,2017
underworld blood wars,SGem,30400000.0,50700000.0,2017
lady bird,A24,49000000.0,30000000.0,2017
american assassin,LGF,36200000.0,31000000.0,2017
one piece film gold,FUN,424000.0,65800000.0,2017
victoria and abdul,Focus,22200000.0,43200000.0,2017
the nut job 2 nutty by nature,ORF,28400000.0,36800000.0,2017
monster trucks,Par.,33400000.0,31100000.0,2017
the mountain between us,Fox,30300000.0,32500000.0,2017
the star,Sony,40900000.0,22000000.0,2017
how to be a latin lover,PNT,32100000.0,29700000.0,2017
everything everything,WB,34100000.0,27500000.0,2017
snatched,Fox,45900000.0,15000000.0,2017
my little pony the movie,LGF,21900000.0,38400000.0,2017
mollys game,STX,28800000.0,30500000.0,2017
all the money in the world,TriS,25100000.0,31900000.0,2017
the big sick,LGF,42900000.0,13500000.0,2017
confidential assignment,CJ,476000.0,55500000.0,2017
downsizing,Par.,24400000.0,30600000.0,2017
i tonya,Neon,30000000.0,23900000.0,2017
logan lucky,BST,27800000.0,20700000.0,2017
tyler perrys boo 2 a madea halloween,LGF,47300000.0,1000000.0,2017
phantom thread,Focus,21200000.0,26600000.0,2017
rough night,Sony,22100000.0,25200000.0,2017
the battleship island,CJ,1100000.0,45000000.0,2017
flatliners 2017,Sony,16900000.0,28300000.0,2017
mother,Par.,17800000.0,26700000.0,2017
the snowman,Uni.,6700000.0,36400000.0,2017
gifted,FoxS,24800000.0,18200000.0,2017
loving vincent,Good Deed,6700000.0,35500000.0,2017
call me by your name,SPC,18100000.0,23800000.0,2017
t2 trainspotting,TriS,2400000.0,39300000.0,2017
fist fight,WB (NL),32200000.0,8900000.0,2017
diary of a wimpy kid the long haul,Fox,20700000.0,19400000.0,2017
the house,WB (NL),25600000.0,8600000.0,2017
tad the lost explorer and the secret of king midas,ParC,5900.0,34200000.0,2017
sleepless,ORF,20800000.0,12100000.0,2017
the disaster artist,A24,21100000.0,8700000.0,2017
the beguiled 2017,Focus,10700000.0,16700000.0,2017
judwaa 2,FIP,1400000.0,25500000.0,2017
chips,WB,18600000.0,8199999.0,2017
the bye bye man,STX,22400000.0,4300000.0,2017
a cure for wellness,Fox,8100000.0,18500000.0,2017
the zookeepers wife,Focus,17600000.0,8600000.0,2017
only the brave,Sony,18300000.0,7400000.0,2017
father figures,WB,17500000.0,8100000.0,2017
badrinath ki dulhania,FIP,2000000.0,23200000.0,2017
born in china,BV,13900000.0,11200000.0,2017
the founder,Wein.,12800000.0,11300000.0,2017
jolly llb 2,FIP,1700000.0,21300000.0,2017
the glass castle,LGF,17300000.0,4600000.0,2017
sword art online the movie ordinal scale,Elev.,1500000.0,19200000.0,2017
it comes at night,A24,14000000.0,5300000.0,2017
the lost city of z,BST,8600000.0,10700000.0,2017
unforgettable 2017,WB,11400000.0,6400000.0,2017
the case for christ,PFR,14700000.0,3000000.0,2017
wonder wheel,Amazon,1400000.0,14500000.0,2017
gold,Wein.,7200000.0,7700000.0,2017
the space between us,STX,7900000.0,6900000.0,2017
a united kingdom,FoxS,3900000.0,9900000.0,2017
roman j israel esq,Sony,12000000.0,1100000.0,2017
mubarakan,Sony,759000.0,12100000.0,2017
the promise 2017,ORF,8199999.0,4200000.0,2017
earth one amazing day,BBC,81300.0,11600000.0,2017
my cousin rachel,FoxS,2700000.0,6500000.0,2017
truman,FR,211000.0,8800000.0,2017
stronger,RAtt.,4200000.0,4200000.0,2017
tulip fever,Wein.,2500000.0,5900000.0,2017
viceroys house,IFC,1100000.0,6700000.0,2017
amityville the awakening,W/Dim.,700.0,7700000.0,2017
just getting started,BG,6100000.0,1600000.0,2017
beatriz at dinner,RAtt.,7100000.0,310000.0,2017
the red turtle,SPC,922000.0,5700000.0,2017
from the land of the moon,IFC,47700.0,6500000.0,2017
all saints,Affirm,5800000.0,140000.0,2017
phillauri,FIP,468000.0,5000000.0,2017
ok jaanu,FIP,356000.0,5000000.0,2017
an inconvenient sequel truth to power,Par.,3500000.0,1900000.0,2017
table 19,FoxS,3600000.0,1400000.0,2017
collide,ORF,2300000.0,2500000.0,2017
the wall,RAtt.,1800000.0,2700000.0,2017
mark felt the man who brought down the white house,SPC,769000.0,3600000.0,2017
terminator 2 judgment day 3d,Distrib.,1000000.0,2900000.0,2017
brads status,Annapurna,2100000.0,1700000.0,2017
wonderstruck,RAtt.,1100000.0,2200000.0,2017
raw 2017,FCW,515000.0,2600000.0,2017
a gentleman,FIP,410000.0,2500000.0,2017
inhumans,Imax,1500000.0,1300000.0,2017
the only living boy in new york,RAtt.,624000.0,1900000.0,2017
poster boys,Sony,97000.0,2400000.0,2017
last flag flying,LGF,965000.0,904000.0,2017
human flow,Magn.,528000.0,1300000.0,2017
patti cake,FoxS,800000.0,682000.0,2017
6 below miracle on the mountain,MOM,14800.0,1100000.0,2017
buena vista social club adios,BG,123000.0,578000.0,2017
3 generations,Wein.,156000.0,375000.0,2017
letters from baghdad,Vita.,360000.0,143000.0,2017
city of ghosts,IFC,128000.0,100000.0,2017
avengers infinity war,BV,678800000.0,13695.0,2018
black panther,BV,700100000.0,646900000.0,2018
jurassic world fallen kingdom,Uni.,417700000.0,891800000.0,2018
incredibles 2,BV,608600000.0,634200000.0,2018
aquaman,WB,335100000.0,812700000.0,2018
bohemian rhapsody,Fox,216400000.0,687200000.0,2018
venom 2018,Sony,213500000.0,641500000.0,2018
mission impossible fallout,Par.,220200000.0,571000000.0,2018
deadpool 2,Fox,318500000.0,460500000.0,2018
fantastic beasts the crimes of grindelwald,WB,159600000.0,494100000.0,2018
antman and the wasp,BV,216600000.0,406000000.0,2018
ready player one,WB,137700000.0,445200000.0,2018
operation red sea,WGUSA,1500000.0,577700000.0,2018
detective chinatown 2,WB,2000000.0,542100000.0,2018
the meg,WB,145400000.0,384800000.0,2018
ralph breaks the internet,BV,201100000.0,328100000.0,2018
hotel transylvania 3 summer vacation,Sony,167500000.0,361100000.0,2018
dr seuss the grinch 2018,Uni.,270600000.0,241000000.0,2018
bumblebee,Par.,127200000.0,340800000.0,2018
a star is born 2018,WB,215300000.0,218900000.0,2018
rampage 2018,WB (NL),101000000.0,327000000.0,2018
mamma mia here we go again,Uni.,120600000.0,274400000.0,2018
solo a star wars story,BV,213800000.0,179200000.0,2018
spiderman into the spiderverse,Sony,190200000.0,185300000.0,2018
fifty shades freed,Uni.,100400000.0,271500000.0,2018
the nun,WB (NL),117500000.0,248100000.0,2018
monster hunt 2,LGF,706000.0,361000000.0,2018
peter rabbit,Sony,115300000.0,236000000.0,2018
mary poppins returns,BV,172000000.0,177600000.0,2018
a quiet place,Par.,188000000.0,152900000.0,2018
green book,Uni.,85100000.0,234700000.0,2018
skyscraper,Uni.,68400000.0,236400000.0,2018
oceans 8,WB,140200000.0,157500000.0,2018
pacific rim uprising,Uni.,59900000.0,231100000.0,2018
maze runner the death cure,Fox,58000000.0,230200000.0,2018
tomb raider,WB,58300000.0,216400000.0,2018
halloween 2018,Uni.,159300000.0,96100000.0,2018
crazy rich asians,WB,174500000.0,64000000.0,2018
paddington 2,WB,40900000.0,186400000.0,2018
smallfoot,WB,83200000.0,130900000.0,2018
creed ii,MGM,115700000.0,98300000.0,2018
disneys christopher robin,BV,99200000.0,98500000.0,2018
the equalizer 2,Sony,102100000.0,88300000.0,2018
the nutcracker and the four realms,BV,54900000.0,119100000.0,2018
the mule,WB,103800000.0,68700000.0,2018
insidious the last key,Uni.,67700000.0,100100000.0,2018
the predator 2018,Fox,51000000.0,109500000.0,2018
johnny english strikes again,Uni.,4400000.0,154500000.0,2018
red sparrow,Fox,46900000.0,104700000.0,2018
the first purge,Uni.,69500000.0,67500000.0,2018
a wrinkle in time,BV,100500000.0,32200000.0,2018
the house with a clock in its walls,Uni.,68500000.0,62900000.0,2018
instant family,Par.,67400000.0,53200000.0,2018
the commuter,LGF,36300000.0,83600000.0,2018
game night,WB (NL),69200000.0,48500000.0,2018
the monkey king 3,WGUSA,187000.0,114900000.0,2018
first man,Uni.,44900000.0,60800000.0,2018
night school 2018,Uni.,77300000.0,25800000.0,2018
alpha,Studio 8,35900000.0,62300000.0,2018
a simple favor,LGF,53500000.0,44100000.0,2018
the favourite,FoxS,34400000.0,61600000.0,2018
truth or dare,Uni.,41400000.0,53900000.0,2018
i feel pretty,STX,48800000.0,45700000.0,2018
blockers,Uni.,60300000.0,33700000.0,2018
goosebumps 2 haunted halloween,Sony,46700000.0,46600000.0,2018
blackkklansman,Focus,49300000.0,44000000.0,2018
overboard 2018,PNT,50300000.0,40900000.0,2018
sherlock gnomes,Par.,43200000.0,47100000.0,2018
robin hood 2018,LG/S,30800000.0,54000000.0,2018
mortal engines,Uni.,16000000.0,67700000.0,2018
how long will i love u,WGUSA,747000.0,82100000.0,2018
den of thieves,STX,44900000.0,35600000.0,2018
hereditary,A24,44100000.0,35300000.0,2018
tag,WB (NL),54700000.0,23400000.0,2018
vice,Annapurna,47800000.0,28200000.0,2018
widows,Fox,42400000.0,33600000.0,2018
sicario day of the soldado,Sony,50100000.0,25800000.0,2018
searching,SGem,26000000.0,49400000.0,2018
the spy who dumped me,LGF,33600000.0,41800000.0,2018
second act,STX,39300000.0,33000000.0,2018
sanju,FIP,7900000.0,63600000.0,2018
12 strong,WB,45800000.0,21600000.0,2018
love simon,Fox,40800000.0,25500000.0,2018
mile 22,STX,36100000.0,30200000.0,2018
life of the party,WB (NL),53100000.0,12800000.0,2018
isle of dogs,FoxS,32000000.0,32200000.0,2018
adrift,STX,31400000.0,28500000.0,2018
the 1517 to paris,WB,36300000.0,20800000.0,2018
early man,LGF,8300000.0,46400000.0,2018
peppermint,STX,35400000.0,18400000.0,2018
teen titans go to the movies,WB,29800000.0,22300000.0,2018
slender man,SGem,30600000.0,21200000.0,2018
breaking in 2018,Uni.,46800000.0,4600000.0,2018
once upon a deadpool,Fox,6100000.0,44400000.0,2018
the son of bigfoot,VPD,289000.0,46800000.0,2018
uncle drew,LG/S,42500000.0,4200000.0,2018
tyler perrys acrimony,LGF,43500000.0,2900000.0,2018
mary queen of scots,Focus,16500000.0,29900000.0,2018
the possession of hannah grace,SGem,14800000.0,28200000.0,2018
overlord,Par.,21700000.0,20000000.0,2018
the darkest minds,Fox,12700000.0,28400000.0,2018
holmes and watson,Sony,30600000.0,9900000.0,2018
show dogs,Global Road,17900000.0,21300000.0,2018
on the basis of sex,Focus,24600000.0,13600000.0,2018
namiya,CL,70800.0,35300000.0,2018
the girl in the spiders web a new dragon tattoo story,Sony,14800000.0,20300000.0,2018
the hate u give,Fox,29700000.0,5200000.0,2018
nobodys fool,Par.,31700000.0,1800000.0,2018
bad times at the el royale,Fox,17800000.0,14000000.0,2018
baaghi 2,FIP,1300000.0,29900000.0,2018
the happytime murders,STX,20700000.0,6800000.0,2018
midnight sun,Global Road,9600000.0,17800000.0,2018
pad man,Sony,1700000.0,25600000.0,2018
monster family,VPD,127000.0,26300000.0,2018
white boy rick,Studio 8,24000000.0,1900000.0,2018
the death of stalin,IFC,8000000.0,16600000.0,2018
paul apostle of christ,Affirm,17600000.0,5500000.0,2018
padmaavat,VPD,11800000.0,11100000.0,2018
proud mary,SGem,20900000.0,876000.0,2018
superfly,Sony,20500000.0,236000.0,2018
if beale street could talk,Annapurna,14900000.0,5700000.0,2018
burn the stage the movie,Trafalgar,4200000.0,16100000.0,2018
detective k secret of the living dead,WGUSA,104000.0,18500000.0,2018
the wife,SPC,9600000.0,8600000.0,2018
hell fest,LGF,11100000.0,7100000.0,2018
chappaquiddick,ENTMP,17400000.0,591000.0,2018
the children act,A24,548000.0,17000000.0,2018
beautiful boy 2018,Amazon,7600000.0,8700000.0,2018
tully 2018,Focus,9400000.0,6300000.0,2018
unfriended dark web,BH Tilt,8900000.0,6300000.0,2018
upgrade,BH Tilt,12000000.0,2400000.0,2018
unsane,BST,7700000.0,6600000.0,2018
the sisters brothers,Annapurna,3100000.0,10000000.0,2018
welcome to marwen,Uni.,10800000.0,2100000.0,2018
hotel artemis,Global Road,6700000.0,6000000.0,2018
marrowbone,Magn.,1400.0,12300000.0,2018
102 not out,Sony,1300000.0,10900000.0,2018
boy erased,Focus,6800000.0,5000000.0,2018
back to burgundy,MBox,258000.0,11400000.0,2018
the bookshop,Greenwich,1600000.0,9900000.0,2018
gringo,STX,5000000.0,6000000.0,2018
golden slumber,CJ,94500.0,10600000.0,2018
kin,LGF,5700000.0,4300000.0,2018
the big bad fox and other tales,GK,35800.0,9600000.0,2018
traffik,LGF,9200000.0,336000.0,2018
7 days in entebbe,Focus,3300000.0,5400000.0,2018
pope francis a man of his word,Focus,2000000.0,6600000.0,2018
condorito la pelicula,LGF,448000.0,8000000.0,2018
suspiria,Amazon,2500000.0,5400000.0,2018
disobedience,BST,3500000.0,4400000.0,2018
qu√© le√≥n what a lion,Spanglish,2600000.0,5200000.0,2018
life itself 2018,Amazon,4099999.0,3700000.0,2018
beirut,BST,5000000.0,2500000.0,2018
return of the hero,Distrib.,37100.0,7300000.0,2018
soorma,Sony,390000.0,6200000.0,2018
destroyer,Annapurna,1500000.0,4000000.0,2018
madame,Blue Fox,91000.0,5300000.0,2018
blindspotting,LG/S,4300000.0,530000.0,2018
papillon 2018,BST,2300000.0,2200000.0,2018
the mercy,Scre.,29500.0,4200000.0,2018
hichki,Yash,330000.0,3900000.0,2018
dont worry he wont get far on foot,Amazon,1400000.0,2500000.0,2018
a private war,Aviron,1600000.0,2200000.0,2018
gauguin voyage to tahiti,Cohen,200000.0,3100000.0,2018
the front runner,Sony,2000000.0,1200000.0,2018
wildlife,IFC,1100000.0,2000000.0,2018
billionaire boys club,VE,1300.0,2500000.0,2018
bilal a new breed of hero,VE,491000.0,1700000.0,2018
i still see you,LGF,1400.0,1500000.0,2018
the catcher was a spy,IFC,725000.0,229000.0,2018
time freak,Grindstone,10000.0,256000.0,2018
reign of judges title of liberty concept short,Darin Southa,93200.0,5200.0,2018
antonio lopez 1970 sex fashion disco,FM,43200.0,30000.0,2018
